id,price_doc
30474,5129899.0
30476,5256032.0
30482,4343696.0
30487,3694305.0
30491,17921510.0
30492,5309882.0
30493,14308132.0
30495,10544812.0
30498,4538932.0
30499,7619942.0
30501,6753446.0
30503,6588188.0
30504,5684166.0
30509,7662680.0
30511,6228911.0
30512,5582420.0
30519,4661206.0
30521,5705155.0
30523,6278862.0
30524,9956356.0
30525,10633858.0
30528,6318456.0
30529,6159746.0
30530,5743709.0
30531,14778672.0
30533,10228816.0
30537,11850744.0
30538,4798120.0
30541,5612138.0
30543,5948382.0
30544,6493558.0
30545,7935012.0
30550,12299508.0
30553,7213702.0
30554,11517544.0
30557,8018190.0
30558,8916014.0
30559,5887502.0
30560,5754985.0
30561,6755104.0
30564,6863560.0
30565,6050778.0
30568,9673106.0
30569,10135636.0
30570,6504771.0
30574,6102570.0
30575,7718740.0
30576,4683860.0
30577,4302064.0
30579,7100906.0
30580,4340338.0
30581,5622360.0
30582,12819622.0
30584,4602362.0
30588,7768125.0
30589,7815909.0
30590,12557990.0
30591,5489860.0
30592,6685306.0
30595,5203492.0
30599,10076190.0
30601,6144153.0
30604,4792028.0
30606,22075216.0
30607,6930110.0
30612,7200441.0
30615,7631261.0
30617,8818466.0
30618,5121740.0
30621,8671112.0
30622,8036760.0
30623,6147434.0
30626,6171190.0
30627,7763162.0
30629,5265124.0
30633,6153765.0
30634,11855626.0
30636,5407511.0
30638,5753202.0
30639,7329994.0
30642,6465412.0
30643,7643154.0
30645,6596389.0
30646,5414401.0
30650,4936175.0
30657,6028672.0
30660,8090284.0
30663,16771130.0
30664,11511474.0
30670,3663692.0
30671,7263503.0
30673,10888916.0
30674,12990200.0
30676,6512869.0
30677,4508558.0
30679,5710000.0
30682,8434452.0
30684,4692346.0
30685,7318536.0
30689,15376966.0
30691,4465456.0
30692,6043270.0
30693,11263964.0
30694,5470916.0
30696,6727758.0
30697,12295010.0
30698,7709560.0
30699,5770059.0
30702,6136218.0
30705,9145328.0
30708,15919672.0
30710,6481182.0
30713,5705730.0
30714,6707604.0
30717,6217466.0
30718,9075440.0
30720,7384400.0
30721,3550669.0
30725,6363610.0
30726,12227934.0
30730,5842048.0
30732,4484164.0
30733,10323026.0
30737,6172312.0
30738,6455620.0
30745,6852709.0
30747,17466166.0
30749,4913302.0
30751,3058030.0
30754,5616553.0
30757,5150764.0
30758,10202432.0
30759,5753592.0
30761,9525538.0
30765,5894488.0
30767,10882306.0
30768,4507200.0
30769,7176380.0
30772,8363659.0
30775,12511754.0
30776,5617542.0
30778,8524414.0
30779,6082393.0
30780,7501824.0
30782,5288121.0
30785,5376296.0
30789,7073162.0
30790,6388706.0
30794,13074520.0
30795,11941924.0
30796,11987686.0
30799,10836506.0
30800,16952342.0
30802,21229478.0
30805,14983986.0
30807,5850293.0
30810,12224786.0
30812,5148113.0
30813,4984404.0
30815,3662735.0
30816,8120518.0
30818,7372622.0
30819,7102174.0
30820,5116310.0
30821,22926786.0
30822,9142606.0
30826,11219100.0
30828,5690188.0
30829,5540519.0
30832,5773310.0
30833,5428670.0
30835,7330285.0
30838,4244225.0
30839,6342157.0
30840,11696218.0
30841,10939352.0
30842,6929007.0
30843,5619546.0
30845,8815742.0
30847,5841542.0
30852,6458470.0
30854,5546788.0
30856,8869360.0
30860,5829794.0
30862,6202308.0
30864,6227014.0
30867,5855055.0
30868,8449446.0
30869,5428300.0
30870,5719520.0
30871,8710922.0
30874,5104753.0
30875,7008918.0
30877,10820578.0
30883,3565812.0
30885,5477262.0
30887,5880642.0
30889,5545592.0
30890,7168365.0
30894,5414337.0
30897,8078182.0
30901,6358012.0
30904,8167806.0
30906,7061642.0
30907,12967164.0
30911,3885629.0
30912,6815432.0
30913,16268676.0
30914,6380780.0
30915,8057938.0
30917,8478180.0
30918,6123452.0
30920,4939922.0
30922,5686293.0
30925,15428650.0
30927,8112607.0
30928,5412680.0
30930,10814298.0
30932,5142636.0
30933,4095342.0
30934,13913590.0
30941,6688256.0
30945,3588284.0
30946,14467188.0
30948,8346485.0
30950,6440884.0
30953,10369844.0
30955,6506890.0
30957,5747300.0
30958,28416824.0
30959,8458750.0
30960,7525650.0
30961,8346954.0
30962,11432808.0
30964,4671738.0
30966,15077790.0
30967,11938374.0
30971,10289340.0
30975,7691946.0
30978,7746795.0
30987,8621922.0
30988,6312236.0
30989,7656539.0
30990,13197542.0
30991,8975384.0
30993,7500233.0
30994,5173896.0
30995,6447130.0
30998,6240660.0
30999,7455482.0
31000,8205802.0
31002,9036230.0
31003,9908438.0
31007,5164288.0
31009,6794566.0
31010,6523028.0
31014,13807990.0
31015,7447280.0
31018,5566974.0
31024,4712122.0
31026,6274290.0
31028,4577948.0
31029,8672508.0
31032,9579562.0
31034,7156872.0
31036,6675466.0
31037,27906898.0
31043,6914438.0
31044,8646096.0
31047,8662378.0
31048,6227678.0
31049,5846197.0
31055,5790634.0
31065,12149576.0
31067,8660724.0
31072,8410080.0
31076,6682890.0
31082,10438550.0
31087,4842580.0
31088,7546935.0
31089,6178324.0
31094,6527113.0
31095,5086774.0
31096,21375020.0
31097,10873398.0
31098,10181372.0
31100,4862100.0
31101,3899581.0
31102,6518474.0
31103,11189662.0
31104,5619244.0
31105,8788686.0
31107,9968138.0
31108,7421986.0
31111,10844330.0
31112,5710343.0
31114,4706250.0
31116,6444932.0
31117,6273340.0
31120,5576820.0
31122,5631976.0
31124,5513366.0
31126,19297152.0
31128,6336120.0
31131,7776123.0
31132,9208578.0
31133,10677002.0
31134,5873304.0
31135,10504574.0
31136,10318156.0
31138,7044868.0
31140,7749028.0
31141,7740308.0
31145,6047712.0
31146,5750984.0
31147,12743796.0
31151,5290478.0
31154,15531968.0
31155,6282294.0
31156,7866168.0
31158,9006020.0
31160,5155794.0
31163,6041463.0
31168,10551756.0
31169,7964450.0
31170,5910890.0
31171,11750554.0
31173,10918116.0
31174,10981544.0
31175,18098560.0
31179,4781499.0
31184,5220260.0
31186,9102770.0
31190,7621744.0
31191,13615424.0
31195,7996331.0
31196,5258123.0
31197,15127396.0
31198,5778185.0
31206,5847146.0
31208,4955666.0
31211,7706838.0
31213,11200652.0
31222,7180018.0
31224,7379510.0
31228,10621866.0
31236,6555940.0
31237,11435384.0
31239,12370300.0
31240,6601940.0
31245,7862768.0
31246,10694750.0
31248,7126490.0
31253,8893736.0
31254,5772071.0
31255,12860170.0
31256,6763766.0
31258,9095468.0
31260,8383782.0
31265,11198120.0
31266,8093714.0
31269,7700934.0
31272,17795440.0
31273,7835268.0
31274,5649730.0
31275,6560152.0
31276,5608700.0
31277,5322828.0
31280,6980350.0
31284,3987241.0
31286,7557592.0
31289,9891880.0
31291,6577862.0
31300,7101682.0
31302,5386173.0
31303,8242742.0
31305,9796068.0
31308,8159238.0
31309,8431166.0
31311,5337066.0
31312,5829272.0
31313,12660512.0
31317,21465398.0
31318,8334802.0
31320,5705055.0
31323,7933421.0
31324,6310824.0
31325,6470228.0
31326,5488842.0
31327,8036452.0
31332,5764468.0
31333,5109833.0
31336,8291474.0
31337,7801028.0
31339,4688984.0
31340,6389640.0
31342,5247538.0
31344,4159754.0
31348,11756984.0
31349,11492554.0
31351,5259300.0
31352,10073306.0
31353,4973416.0
31354,7463276.0
31361,4890510.0
31364,4212674.0
31366,7308658.0
31367,9474778.0
31368,6189730.0
31370,10132222.0
31373,5507410.0
31375,5858645.0
31377,9628558.0
31378,5655070.0
31379,30013804.0
31380,4730080.0
31381,7490417.0
31382,5496476.0
31383,7839860.0
31385,13301722.0
31387,11332704.0
31390,7472896.0
31392,9718324.0
31393,8692504.0
31394,5489386.0
31395,4349827.0
31396,9039184.0
31399,11826148.0
31402,9790868.0
31404,4738402.0
31410,12515086.0
31411,7201620.0
31412,10388598.0
31413,8180740.0
31414,4807592.0
31416,6440038.0
31417,5347174.0
31418,7777679.0
31419,9593112.0
31421,7183371.0
31422,6603729.0
31424,16170042.0
31425,6253312.0
31426,4690768.0
31428,8092560.0
31429,12973998.0
31433,6389784.0
31435,11671334.0
31438,8801644.0
31440,7278458.0
31441,6613260.0
31443,12388078.0
31444,6810695.0
31445,8805914.0
31447,6671574.0
31448,8264792.0
31449,8694370.0
31450,6802523.0
31451,7939364.0
31454,5574272.0
31455,7879136.0
31457,5153642.0
31459,7398878.0
31461,4660128.0
31464,7597742.0
31465,5495626.0
31468,15545094.0
31473,7800608.0
31476,21547468.0
31477,6910958.0
31478,5220500.0
31479,5986812.0
31480,9832016.0
31481,8310615.0
31482,10829004.0
31483,9613014.0
31487,4906056.0
31489,7378294.0
31491,6240514.0
31492,7682472.0
31493,9238936.0
31494,5094032.0
31495,5393022.0
31496,8489614.0
31499,10953642.0
31500,10972574.0
31501,9548342.0
31502,9614124.0
31503,5669158.0
31504,10073294.0
31506,7824778.0
31507,6470726.0
31509,5379746.0
31510,5404042.0
31513,23232062.0
31516,16902850.0
31517,5853668.0
31518,7959461.0
31519,6170897.0
31520,6936394.0
31521,4818424.0
31523,6487916.0
31525,11409570.0
31527,6155598.0
31528,4631234.0
31529,6029609.0
31531,8842570.0
31534,7877932.0
31535,10675148.0
31536,7747844.0
31542,5641544.0
31545,8087808.0
31547,5792366.0
31548,5551074.0
31550,5230894.0
31551,5774416.0
31552,7638482.0
31553,6055166.0
31554,8148168.0
31557,5744544.0
31564,8440474.0
31566,5664996.0
31568,6083312.0
31571,6473716.0
31573,5776884.0
31574,11030354.0
31576,6780513.0
31580,7398934.0
31581,5339600.0
31582,6101582.0
31583,8654860.0
31587,14489084.0
31588,9033872.0
31590,5454862.0
31591,7057958.0
31593,8220846.0
31595,5464132.0
31597,5742068.0
31599,6306700.0
31600,7162538.0
31601,15370780.0
31603,16699242.0
31607,7978275.0
31609,5563245.0
31610,7371942.0
31612,5697983.0
31616,11949940.0
31619,10264552.0
31621,6205852.0
31622,31573268.0
31623,9656172.0
31625,10419640.0
31626,5817488.0
31629,8964724.0
31632,17430268.0
31633,5260781.0
31634,8856844.0
31636,6219050.0
31640,11221314.0
31643,5787768.0
31644,10846240.0
31646,9010334.0
31647,5682022.0
31649,5655082.0
31650,6488596.0
31651,12796202.0
31653,5542005.0
31654,5740412.0
31656,21849382.0
31657,6959398.0
31659,7986098.0
31660,5371107.0
31661,5142253.0
31666,5553430.0
31669,12804194.0
31671,5828243.0
31672,8596882.0
31673,8033740.0
31674,9137668.0
31676,7781108.0
31679,7828694.0
31686,12569690.0
31687,10512958.0
31693,6296950.0
31699,5421784.0
31700,5040281.0
31702,5912263.0
31703,8721776.0
31704,5992145.0
31705,9872636.0
31706,5522560.0
31708,8123586.0
31710,11524278.0
31711,7386948.0
31712,7790768.0
31716,6037400.0
31719,7356396.0
31720,5014632.0
31722,5591937.0
31723,5594184.0
31724,6155278.0
31726,13546256.0
31727,6352439.0
31729,7117018.0
31732,8063107.0
31733,3831393.0
31736,6640668.0
31739,6047012.0
31740,7391058.0
31746,9477460.0
31748,17118900.0
31750,10431026.0
31751,7918652.0
31754,8392918.0
31755,11618850.0
31757,5768316.0
31758,6098861.0
31766,8298160.0
31769,9413708.0
31772,8066094.0
31773,5285880.0
31775,11510062.0
31781,7419464.0
31782,5994326.0
31784,5850539.0
31785,6280588.0
31788,5163558.0
31793,8036852.0
31795,5611840.0
31797,15162064.0
31800,5941606.0
31802,6873342.0
31803,7703452.0
31804,5307148.0
31806,7101522.0
31807,6653602.0
31808,7606656.0
31809,6954630.0
31811,7108594.0
31812,6660059.0
31814,5896342.0
31816,4955617.0
31818,6602174.0
31820,11728882.0
31821,13991424.0
31822,5385045.0
31824,3735706.0
31826,6022978.0
31827,7757468.0
31828,5653945.0
31829,8703876.0
31830,6611472.0
31832,12748764.0
31836,7405103.0
31838,7779217.0
31840,9874076.0
31842,7923668.0
31845,9029596.0
31847,5089476.0
31849,8596650.0
31855,4801270.0
31856,5904088.0
31857,9377698.0
31858,12035972.0
31865,4422410.0
31867,7709818.0
31868,5359528.0
31869,10043824.0
31877,23204082.0
31879,8844288.0
31880,10376518.0
31882,13809138.0
31884,5561814.0
31885,5997608.0
31886,8303260.0
31887,10061742.0
31889,11168330.0
31891,3188370.0
31893,16167606.0
31894,9042298.0
31900,6100344.0
31909,7633470.0
31913,7018588.0
31914,6247247.0
31923,9892984.0
31924,11421730.0
31925,6436832.0
31927,11947272.0
31929,16444100.0
31931,6148702.0
31932,8696762.0
31933,7146044.0
31935,5564097.0
31936,3997672.0
31937,6478348.0
31938,5358260.0
31939,5916251.0
31941,30901942.0
31942,5878824.0
31943,8228292.0
31945,5656400.0
31946,11731774.0
31947,8921294.0
31949,10285746.0
31950,12520368.0
31951,6057764.0
31952,5960283.0
31955,4790958.0
31956,8447800.0
31957,4274432.0
31958,4246194.0
31959,12484128.0
31961,8590850.0
31962,4967818.0
31963,7782406.0
31965,6418490.0
31966,12894956.0
31968,6899726.0
31969,21944576.0
31970,6003422.0
31972,5308718.0
31977,9303838.0
31981,6332094.0
31984,7298684.0
31988,7503682.0
31989,13076144.0
31991,9692856.0
31993,9392218.0
31995,7165121.0
31996,11018320.0
31997,5487555.0
31999,5306278.0
32002,19073252.0
32003,9704174.0
32006,15262144.0
32008,6231371.0
32010,7915092.0
32014,5847731.0
32015,7583998.0
32017,10769376.0
32018,7661927.0
32019,5972442.0
32021,8239928.0
32022,5276630.0
32025,5841440.0
32027,7766652.0
32029,19852036.0
32032,8050124.0
32033,7151298.0
32035,7597882.0
32038,6316917.0
32039,8927696.0
32040,14434636.0
32043,42065028.0
32046,8313896.0
32047,11455922.0
32048,12661084.0
32050,11012106.0
32054,7570602.0
32056,9226986.0
32060,6169447.0
32061,8887296.0
32063,6394854.0
32064,9758562.0
32065,5631359.0
32066,6453588.0
32070,12097168.0
32071,4711448.0
32075,14075014.0
32076,22328744.0
32081,28718924.0
32082,5431632.0
32084,6049824.0
32085,9358364.0
32086,10961840.0
32087,5644443.0
32088,19582534.0
32089,6407588.0
32093,5851216.0
32094,8726572.0
32095,6635864.0
32098,6581214.0
32099,8682306.0
32100,8071490.0
32109,7253950.0
32111,14997544.0
32113,9324350.0
32114,7475952.0
32115,8252872.0
32116,6933392.0
32120,12038988.0
32122,9241412.0
32123,19528654.0
32125,11345830.0
32126,6555038.0
32127,7561662.0
32129,5832134.0
32135,7021964.0
32136,10215540.0
32137,9918920.0
32139,7316044.0
32140,6174526.0
32143,7676042.0
32147,5522564.0
32149,10269074.0
32156,5527324.0
32157,15144568.0
32160,5710146.0
32161,9469580.0
32162,8372770.0
32163,9084740.0
32164,17313258.0
32167,11832914.0
32168,7586204.0
32169,4685424.0
32170,13162316.0
32171,15901010.0
32172,8265696.0
32173,6395984.0
32176,4984295.0
32177,10944808.0
32178,6107276.0
32179,9841742.0
32180,6736482.0
32182,4750424.0
32183,5928296.0
32185,6279071.0
32186,8753612.0
32193,6793886.0
32196,22738770.0
32197,11993818.0
32199,7815934.0
32200,9254010.0
32203,4113741.0
32204,6797554.0
32205,19404844.0
32208,6283310.0
32210,6323533.0
32211,43598164.0
32213,6576512.0
32215,7079142.0
32216,6043868.0
32219,9210684.0
32222,4781251.0
32224,5497378.0
32225,7048650.0
32226,7442036.0
32228,10981328.0
32231,16384192.0
32233,5792134.0
32234,9847454.0
32235,21888020.0
32236,7361899.0
32237,43573632.0
32239,15096022.0
32240,7285674.0
32242,5566661.0
32243,7850274.0
32244,4942803.0
32245,7340843.0
32246,7093916.0
32248,8883720.0
32249,8082930.0
32250,6792354.0
32251,4804546.0
32254,32013480.0
32255,6111766.0
32258,6636334.0
32260,9143134.0
32261,28974326.0
32263,5114834.0
32264,5196602.0
32265,10788412.0
32266,13272288.0
32268,4258044.0
32269,6776679.0
32270,10414528.0
32271,6904358.0
32273,8839922.0
32277,10749756.0
32278,7832706.0
32279,4630278.0
32281,6346924.0
32282,9331032.0
32285,10645628.0
32286,10432100.0
32287,5817217.0
32288,5608726.0
32292,7901002.0
32293,4834828.0
32295,6168347.0
32296,8339942.0
32298,9924094.0
32299,2910115.0
32300,7590494.0
32301,12632170.0
32302,8714326.0
32303,7514984.0
32305,5731157.0
32307,14086736.0
32308,5106936.0
32309,6886875.0
32310,5541970.0
32313,5768867.0
32314,6709628.0
32315,12815290.0
32319,4703821.0
32321,7652912.0
32322,4208910.0
32324,7777820.0
32326,5208800.0
32327,5775268.0
32328,8922308.0
32329,5568148.0
32330,5869672.0
32331,6562800.0
32332,6907315.0
32334,5236172.0
32335,8025311.0
32337,6002604.0
32339,8230664.0
32340,6875980.0
32341,6096826.0
32342,5624020.0
32343,6676604.0
32347,5046288.0
32348,7423063.0
32349,5675733.0
32351,6123152.0
32352,10647556.0
32353,5530989.0
32355,6135112.0
32356,6312786.0
32357,7807522.0
32358,7056918.0
32360,5372088.0
32361,8194422.0
32363,7081770.0
32364,5281948.0
32365,7595516.0
32366,7701577.0
32368,5066026.0
32369,7923288.0
32371,7996730.0
32373,9946674.0
32376,6389458.0
32377,6721860.0
32378,6116949.0
32379,5143451.0
32380,8932530.0
32382,11004416.0
32385,8520932.0
32392,7625440.0
32399,9953096.0
32400,5995580.0
32403,11505628.0
32404,5293082.0
32405,16001262.0
32407,6912686.0
32408,4630923.0
32409,19595636.0
32410,5539809.0
32413,13421862.0
32418,6210158.0
32420,7362529.0
32422,4439720.0
32424,6757119.0
32426,10008530.0
32427,11772198.0
32428,7228224.0
32429,9094888.0
32431,8549922.0
32432,11150118.0
32434,12172870.0
32435,6533545.0
32436,10707172.0
32437,9811664.0
32438,6762574.0
32439,4585794.0
32440,6647788.0
32442,10177988.0
32444,5549313.0
32448,6265797.0
32450,6462498.0
32451,9917728.0
32452,6287894.0
32454,4442165.0
32456,6116886.0
32458,7875586.0
32460,6322040.0
32461,13863058.0
32462,7415638.0
32463,4676718.0
32464,13610438.0
32467,5721893.0
32468,7658742.0
32469,7928600.0
32470,12265520.0
32472,6491880.0
32473,6052012.0
32474,3928790.0
32479,3777104.0
32480,10506212.0
32481,4771388.0
32486,6910861.0
32488,12781702.0
32489,12306026.0
32490,6227916.0
32491,7737346.0
32493,8102130.0
32494,6380759.0
32497,7170956.0
32498,13233430.0
32499,12120428.0
32502,7624434.0
32504,4193513.0
32506,6591476.0
32507,3535788.0
32508,6737800.0
32509,4059495.0
32510,12636308.0
32516,7253218.0
32517,11098862.0
32521,6636905.0
32522,6400010.0
32524,8343290.0
32525,5762274.0
32526,7564233.0
32530,5490970.0
32532,14098012.0
32536,12416806.0
32538,9799264.0
32540,7827506.0
32541,12921718.0
32542,5936202.0
32546,10874286.0
32547,5770494.0
32550,6276028.0
32551,4904030.0
32552,6467406.0
32553,6274835.0
32554,9067424.0
32555,9831960.0
32556,8299416.0
32559,6506948.0
32560,6122326.0
32561,5786877.0
32562,11472792.0
32563,6404256.0
32564,4908437.0
32570,6093884.0
32571,6329202.0
32574,7001716.0
32575,6053932.0
32577,4713064.0
32578,6653157.0
32580,5677582.0
32587,5882488.0
32590,9904248.0
32591,7867518.0
32592,3775240.0
32597,7186852.0
32600,7302986.0
32602,7872512.0
32603,6359202.0
32604,4230462.0
32606,5850512.0
32608,7934572.0
32610,6438158.0
32611,6584820.0
32613,5635001.0
32614,9482278.0
32616,6572450.0
32617,7865561.0
32618,6013452.0
32619,3820875.0
32620,6895127.0
32621,6304682.0
32622,17112610.0
32623,11024896.0
32625,8914334.0
32626,6245202.0
32627,7743746.0
32629,11585604.0
32630,5622734.0
32631,5600772.0
32632,6509452.0
32633,6967662.0
32634,5960794.0
32635,8957468.0
32636,4871380.0
32637,7850670.0
32640,5740850.0
32641,5964478.0
32642,6193750.0
32645,5882626.0
32646,7187614.0
32648,5736887.0
32650,8107041.0
32652,10127522.0
32653,11054356.0
32654,5181114.0
32656,4165434.0
32657,5806758.0
32658,7980786.0
32659,3294262.0
32661,6947036.0
32662,13278832.0
32663,9431706.0
32664,10562986.0
32666,7017176.0
32667,6099679.0
32668,6506544.0
32670,7103774.0
32671,6260266.0
32672,3447294.0
32673,8167099.0
32674,5808976.0
32677,4397980.0
32678,9226444.0
32679,5021632.0
32680,19383778.0
32681,8156422.0
32683,12760502.0
32684,7331579.0
32685,5674034.0
32686,7158564.0
32687,5331938.0
32688,6381634.0
32690,7645544.0
32691,9762222.0
32693,7180426.0
32695,8375208.0
32696,3448651.0
32697,6558404.0
32698,5874790.0
32699,5911598.0
32701,10774714.0
32702,13267806.0
32703,8107968.0
32704,10811276.0
32705,10057974.0
32706,5037148.0
32707,7703364.0
32708,5759130.0
32709,5204074.0
32710,10652832.0
32711,6629248.0
32712,7753634.0
32713,5439221.0
32715,3781865.0
32716,4381948.0
32717,7891432.0
32718,8927102.0
32719,5384048.0
32720,4855668.0
32721,14473522.0
32723,4033001.0
32724,7850178.0
32725,16601472.0
32726,5044826.0
32727,4223850.0
32728,9877840.0
32729,5511035.0
32730,8588174.0
32731,4703200.0
32732,5381021.0
32733,6047077.0
32734,4750237.0
32735,5909202.0
32736,3868029.0
32737,4186240.0
32738,7625466.0
32739,34897604.0
32740,4781005.0
32741,6379356.0
32742,12889446.0
32744,10783944.0
32745,6159250.0
32746,10927464.0
32747,6802988.0
32748,4722446.0
32750,9004068.0
32751,6399344.0
32752,27601768.0
32753,5590178.0
32754,7203130.0
32755,6900050.0
32756,6966226.0
32757,11545444.0
32758,7666071.0
32759,5548285.0
32760,5234786.0
32761,5188577.0
32762,7234376.0
32763,6038081.0
32764,5808522.0
32766,6255857.0
32767,5680628.0
32768,5542735.0
32769,5678519.0
32770,6221962.0
32771,12497644.0
32774,5849436.0
32775,6019198.0
32776,5546072.0
32777,4637546.0
32778,5520816.0
32779,3897807.0
32780,6512046.0
32781,7783172.0
32782,5970188.0
32783,7921702.0
32784,10336812.0
32785,5928216.0
32788,4533242.0
32789,4322656.0
32790,4500927.0
32792,5258566.0
32793,16052188.0
32795,5262023.0
32796,5979981.0
32797,6580148.0
32798,6348617.0
32799,12640250.0
32801,6249796.0
32802,7328579.0
32803,4492808.0
32805,9522408.0
32806,5121350.0
32807,5225543.0
32808,5616404.0
32810,5744655.0
32811,8419346.0
32813,6613754.0
32815,4521382.0
32817,6179239.0
32818,8283302.0
32820,5428326.0
32821,10645622.0
32822,6017793.0
32824,7004858.0
32825,6083588.0
32826,9563490.0
32827,8360712.0
32828,5806412.0
32829,5875930.0
32831,5775472.0
32834,10935870.0
32835,6253763.0
32836,5742935.0
32837,5560218.0
32838,4887164.0
32839,21739348.0
32840,6747866.0
32845,7861878.0
32846,11279186.0
32848,11969682.0
32849,3563072.0
32850,7122262.0
32851,10117654.0
32854,7910770.0
32856,4711952.0
32857,7611924.0
32859,6119043.0
32861,5573815.0
32862,6789126.0
32864,6932158.0
32865,7398086.0
32867,4093400.0
32869,6130272.0
32870,5505627.0
32871,5197272.0
32872,9154274.0
32873,4500400.0
32874,4318438.0
32875,6607118.0
32877,9111540.0
32878,10950602.0
32880,7433180.0
32881,7474057.0
32883,4372278.0
32884,6515172.0
32886,5953688.0
32887,4620363.0
32889,3777145.0
32892,4932520.0
32893,9444046.0
32894,5110695.0
32895,7969176.0
32896,6008482.0
32898,11193174.0
32899,9180248.0
32900,5812002.0
32901,7061854.0
32902,7354570.0
32903,6813674.0
32904,12195934.0
32905,6687370.0
32906,6795250.0
32908,7285540.0
32909,3132747.0
32910,7656107.0
32911,9102630.0
32912,6112217.0
32916,11141626.0
32917,6036042.0
32919,13134358.0
32920,5142852.0
32921,4991511.0
32922,4617275.0
32923,5709194.0
32924,3102139.0
32925,4465254.0
32926,3093032.0
32927,9219164.0
32928,10153192.0
32929,11144242.0
32930,5194896.0
32931,6441133.0
32932,5492855.0
32933,5519350.0
32934,4697354.0
32935,11103680.0
32936,4299105.0
32937,4382771.0
32938,6702404.0
32940,6990374.0
32941,14083406.0
32943,5193156.0
32945,5215025.0
32946,7554350.0
32948,13663922.0
32949,6152549.0
32950,4575212.0
32951,7909418.0
32952,6944156.0
32953,6700150.0
32954,7409377.0
32955,9578376.0
32956,5761368.0
32957,6397356.0
32960,5726244.0
32961,9341674.0
32964,5090896.0
32965,8833986.0
32967,6976100.0
32968,6206870.0
32969,6510218.0
32970,5998935.0
32971,5126854.0
32972,6323888.0
32973,5623758.0
32974,5993074.0
32975,8081032.0
32976,5941312.0
32977,4598922.0
32978,6306391.0
32980,4086242.0
32981,5775985.0
32982,6037696.0
32983,7110740.0
32984,5049193.0
32985,4342415.0
32988,6439389.0
32989,3702327.0
32990,8678534.0
32993,5027570.0
32995,7931963.0
32996,6207080.0
32997,7932997.0
32998,21257368.0
33000,5848746.0
33001,5503158.0
33002,5942583.0
33003,4664617.0
33004,6676841.0
33005,6115294.0
33006,11938542.0
33007,5511422.0
33008,4118626.0
33009,7645280.0
33010,5379252.0
33013,3732274.0
33016,4877520.0
33017,5284294.0
33018,5700641.0
33020,5238950.0
33022,6608963.0
33023,8422908.0
33024,14672018.0
33025,4901174.0
33029,6752256.0
33031,4812238.0
33032,8829040.0
33033,7378448.0
33034,3519978.0
33035,6550986.0
33036,5605751.0
33037,6706590.0
33038,7041933.0
33039,8125668.0
33040,11885400.0
33041,4234723.0
33042,9936530.0
33044,6098150.0
33045,13133934.0
33046,6075026.0
33048,8624750.0
33049,19753814.0
33050,8806152.0
33051,5877426.0
33052,9277510.0
33053,8138372.0
33054,3617781.0
33055,11427268.0
33057,8504008.0
33058,5984307.0
33059,9114542.0
33060,4795603.0
33061,4436064.0
33062,6742387.0
33064,5812822.0
33065,5944590.0
33066,9508858.0
33067,5229028.0
33068,7767298.0
33071,11472486.0
33072,5447948.0
33075,5981876.0
33077,7287005.0
33079,9767236.0
33080,7499914.0
33081,16458014.0
33082,9689686.0
33083,7279942.0
33084,5486839.0
33085,11990190.0
33086,10481012.0
33087,4542370.0
33088,4160623.0
33089,9826756.0
33090,8337648.0
33091,5265882.0
33093,16211452.0
33095,3577658.0
33096,8547456.0
33097,5426652.0
33098,5955269.0
33099,5852880.0
33101,5852673.0
33102,5818651.0
33105,9583006.0
33106,4881320.0
33108,12989826.0
33109,6120117.0
33111,5977897.0
33113,7223996.0
33114,4662604.0
33115,9273816.0
33116,5836722.0
33117,5078388.0
33118,12268708.0
33119,10112874.0
33121,6058926.0
33122,5440452.0
33123,34571736.0
33125,6537591.0
33126,5838040.0
33127,6981212.0
33128,6348141.0
33132,4562421.0
33133,34227952.0
33134,7685630.0
33135,8303380.0
33136,7583934.0
33138,14708826.0
33139,7147342.0
33140,5783250.0
33141,6733662.0
33142,8734078.0
33144,4437738.0
33145,6737008.0
33147,3224998.0
33148,6432714.0
33149,15805936.0
33150,5399286.0
33151,6714020.0
33152,16087064.0
33153,13489074.0
33154,7520538.0
33155,12566866.0
33156,8787062.0
33158,15260326.0
33159,4739395.0
33160,4157284.0
33161,5758369.0
33162,8460752.0
33163,6145528.0
33164,5945366.0
33165,7413981.0
33166,5380312.0
33167,5289560.0
33168,8229098.0
33169,4462813.0
33170,6074294.0
33171,8149802.0
33172,10924182.0
33173,4525860.0
33174,6261022.0
33176,5580592.0
33177,6588860.0
33178,6931781.0
33180,5476966.0
33181,6127376.0
33182,5308590.0
33183,5145738.0
33185,7824766.0
33186,4789149.0
33187,5945064.0
33188,6905674.0
33189,7461494.0
33190,5859324.0
33191,12620568.0
33192,8900874.0
33195,7576364.0
33197,6533902.0
33198,5202094.0
33199,6876652.0
33200,3609982.0
33201,5884130.0
33202,10257032.0
33203,7859130.0
33204,6909829.0
33206,5922200.0
33207,11564808.0
33208,9864602.0
33209,6132292.0
33211,5906429.0
33212,5145916.0
33213,4934592.0
33214,7870278.0
33218,5133110.0
33222,5184709.0
33224,11788216.0
33225,7625490.0
33227,3636341.0
33229,7067303.0
33230,6674116.0
33231,7461752.0
33234,12634990.0
33236,7584322.0
33237,14286304.0
33238,8425752.0
33239,6201597.0
33240,6612422.0
33241,6277782.0
33242,4648960.0
33243,4405428.0
33246,6727678.0
33248,11480024.0
33249,19014738.0
33250,12849938.0
33251,7345406.0
33254,4778892.0
33255,6844882.0
33256,8281810.0
33257,5011739.0
33258,27413634.0
33259,5483276.0
33261,7057480.0
33263,5802421.0
33264,7446756.0
33266,6554016.0
33267,6268071.0
33268,5905294.0
33269,10806074.0
33272,5471492.0
33273,7370781.0
33275,7136908.0
33276,12736548.0
33277,6964980.0
33279,6483076.0
33280,5626638.0
33281,5910549.0
33282,7088926.0
33283,5378882.0
33284,6026396.0
33285,11936230.0
33286,5015059.0
33288,11599698.0
33289,5259550.0
33291,5128294.0
33294,5557300.0
33295,3950180.0
33296,3307500.0
33297,7350258.0
33298,8096953.0
33299,14267198.0
33301,7911404.0
33302,4196226.0
33303,10449020.0
33304,11909628.0
33305,6591714.0
33306,6151895.0
33307,9150340.0
33308,5236531.0
33309,6328306.0
33310,13456724.0
33311,6343222.0
33313,5304885.0
33314,8259494.0
33315,7914894.0
33316,7101338.0
33320,9981822.0
33322,4838616.0
33325,9161088.0
33327,6133096.0
33328,6711852.0
33329,9869608.0
33330,3181023.0
33331,20765778.0
33333,11172618.0
33334,5752878.0
33335,12269908.0
33338,9464638.0
33339,5673532.0
33340,7561671.0
33341,7590307.0
33344,5122580.0
33345,5974465.0
33346,15791474.0
33348,5972124.0
33349,5363778.0
33350,5003505.0
33351,10948632.0
33352,5387596.0
33353,6258304.0
33355,4439648.0
33357,8882542.0
33359,9772302.0
33360,4329433.0
33361,9735348.0
33362,3257268.0
33363,6343349.0
33365,8321104.0
33366,10156702.0
33367,6313776.0
33368,9765536.0
33369,7250080.0
33370,5422544.0
33371,6314392.0
33372,4988104.0
33373,6222748.0
33374,5887143.0
33375,5922524.0
33376,5276326.0
33377,6934306.0
33378,24620560.0
33379,5497842.0
33380,7263309.0
33382,3761005.0
33383,4715394.0
33385,2130088.0
33386,12003400.0
33387,7400151.0
33388,8079678.0
33390,5983645.0
33392,12225290.0
33393,5991949.0
33394,5084920.0
33395,9742640.0
33396,6433057.0
33397,6310722.0
33398,5837802.0
33399,9391984.0
33400,19915872.0
33401,9633646.0
33402,3884993.0
33403,5625991.0
33405,9452472.0
33406,5757020.0
33410,6505903.0
33411,5858008.0
33412,11142058.0
33413,5311550.0
33414,7686841.0
33415,17058398.0
33416,10336382.0
33418,8255978.0
33419,7465965.0
33421,7640239.0
33422,7656318.0
33424,8021046.0
33425,5706574.0
33426,7120966.0
33427,12708338.0
33428,4422750.0
33432,5382180.0
33433,5632227.0
33435,7761818.0
33436,5218070.0
33437,5543604.0
33439,3762129.0
33443,6550058.0
33444,14325758.0
33446,8148432.0
33448,7676314.0
33449,10430346.0
33450,5825885.0
33452,8715346.0
33453,5207698.0
33454,5645072.0
33455,6819298.0
33456,5764732.0
33457,5070560.0
33458,4099720.0
33459,19986394.0
33460,11807922.0
33461,11284620.0
33462,7569912.0
33463,5625008.0
33464,15969042.0
33465,5058520.0
33467,6009736.0
33470,6293461.0
33473,7521350.0
33474,4776066.0
33476,6122929.0
33477,7568548.0
33478,6892658.0
33479,10662804.0
33485,14531316.0
33486,12062722.0
33489,11048854.0
33490,10834576.0
33491,6816156.0
33492,6504344.0
33494,6376593.0
33496,6981020.0
33497,8674598.0
33498,8250792.0
33499,7426362.0
33500,6221862.0
33502,5021231.0
33503,10085226.0
33504,9442150.0
33505,6476420.0
33507,7364724.0
33508,5031472.0
33509,5527494.0
33511,7130647.0
33513,18466756.0
33516,5051898.0
33517,10299800.0
33518,7155116.0
33519,6638800.0
33520,5676614.0
33521,7413964.0
33522,3755854.0
33523,6758720.0
33525,7356358.0
33526,9133404.0
33527,6470383.0
33528,6510056.0
33529,4600718.0
33530,5763676.0
33531,5744730.0
33532,4758092.0
33533,6158703.0
33534,4033286.0
33535,8577480.0
33536,7585013.0
33537,3061188.0
33538,7542980.0
33540,9038962.0
33541,13632304.0
33543,10312942.0
33547,7362356.0
33549,8959550.0
33550,14247360.0
33551,7506583.0
33554,8400454.0
33555,14418720.0
33556,4281546.0
33558,27534030.0
33559,8769522.0
33560,5131472.0
33562,7125344.0
33563,6527666.0
33564,5658522.0
33565,5954292.0
33566,7775872.0
33569,4766826.0
33570,9717902.0
33574,8035796.0
33576,5184168.0
33577,8667914.0
33578,12020752.0
33579,9058896.0
33582,8013276.0
33584,4143947.0
33585,4519344.0
33586,5088148.0
33587,5538430.0
33590,4196845.0
33591,9269086.0
33592,7355996.0
33594,11501144.0
33596,6909500.0
33597,6096409.0
33598,4375621.0
33599,5334744.0
33601,5667989.0
33603,7007608.0
33604,3704776.0
33605,8058402.0
33606,6249131.0
33607,10675550.0
33608,9813438.0
33609,6767035.0
33610,10110984.0
33612,4654786.0
33614,6447744.0
33616,10013616.0
33617,6461558.0
33619,10238622.0
33620,7187716.0
33622,7594356.0
33626,12090714.0
33628,4309730.0
33629,9139092.0
33630,5957870.0
33631,10526090.0
33632,5672478.0
33633,4053168.0
33634,15697582.0
33635,6818291.0
33638,8633354.0
33639,8679104.0
33641,7520061.0
33642,10047608.0
33645,5869619.0
33647,5872408.0
33648,7095848.0
33649,6704896.0
33651,6444380.0
33652,8400984.0
33654,5768126.0
33656,3163425.0
33657,7851845.0
33658,8495002.0
33659,6976589.0
33660,7887288.0
33663,6791878.0
33664,7375952.0
33665,9600914.0
33666,5872702.0
33667,3782295.0
33668,6671295.0
33670,5087047.0
33671,5236250.0
33674,5682134.0
33675,9417232.0
33678,8448482.0
33680,7431590.0
33681,9486520.0
33682,7310072.0
33683,7332617.0
33685,7610732.0
33686,8800574.0
33687,5930390.0
33689,3868019.0
33690,4929792.0
33691,8474726.0
33692,5256310.0
33694,5077320.0
33695,6437664.0
33697,4929019.0
33699,11988204.0
33700,3182309.0
33703,7892764.0
33704,4417580.0
33705,7231673.0
33706,7231778.0
33708,3830506.0
33709,6664465.0
33710,5501260.0
33711,11607836.0
33712,9017922.0
33713,4826592.0
33716,3794881.0
33717,9422970.0
33723,4360811.0
33724,5657240.0
33725,4953356.0
33727,8325062.0
33729,4681511.0
33730,5122038.0
33731,15400848.0
33734,5602853.0
33737,10552466.0
33739,6596574.0
33742,5446798.0
33743,5644546.0
33744,4947776.0
33748,6025484.0
33750,9213228.0
33751,5611250.0
33752,4310806.0
33753,11868120.0
33754,8097246.0
33756,5433732.0
33757,5201744.0
33758,5892704.0
33761,6052862.0
33762,4997039.0
33763,4995748.0
33766,5419080.0
33767,11600532.0
33768,6123172.0
33769,7922474.0
33770,3138401.0
33771,4417704.0
33772,7283032.0
33773,5755242.0
33775,4125658.0
33776,6053727.0
33778,8010725.0
33779,8307786.0
33785,11103638.0
33786,7825616.0
33787,7081629.0
33789,5341726.0
33790,5711190.0
33791,6647522.0
33792,4775712.0
33793,10724150.0
33795,5517713.0
33796,8793212.0
33797,11106996.0
33798,7994835.0
33800,6014710.0
33801,6154038.0
33802,5837704.0
33803,6027968.0
33804,7644850.0
33805,4606833.0
33806,7146162.0
33807,8785398.0
33809,19670200.0
33810,6367336.0
33811,11462026.0
33813,4466622.0
33814,13385406.0
33815,12377742.0
33817,6835983.0
33819,4447709.0
33820,6252350.0
33821,7317629.0
33824,10110180.0
33829,8312776.0
33837,4145536.0
33839,6684706.0
33840,9479128.0
33841,10074608.0
33842,9835568.0
33846,4763868.0
33848,7453918.0
33849,14779304.0
33850,4776132.0
33851,4571569.0
33854,5239060.0
33855,5228527.0
33857,8323868.0
33858,7306433.0
33861,4565362.0
33862,4955280.0
33863,4668505.0
33864,6483434.0
33866,7271132.0
33867,5424202.0
33868,12365440.0
33871,5765490.0
33873,6810472.0
33876,8015422.0
33877,7621309.0
33878,5674402.0
33879,7642468.0
33880,4146313.0
33881,6478531.0
33882,6046854.0
33884,6612104.0
33888,10404090.0
33889,6043829.0
33890,7670035.0
33891,6452196.0
33892,4233772.0
33893,8834920.0
33898,5279728.0
33900,9833478.0
33901,5240782.0
33902,6462308.0
33904,5861538.0
33905,5654418.0
33906,5280398.0
33910,4509447.0
33911,5851339.0
33913,5880971.0
33915,30388008.0
33917,5732156.0
33918,9317160.0
33922,4496294.0
33923,10103520.0
33925,8712008.0
33928,7747397.0
33929,8373242.0
33930,5599594.0
33932,5718653.0
33934,4945248.0
33937,5781484.0
33938,8389958.0
33940,15255388.0
33941,7635816.0
33942,10233834.0
33943,9566236.0
33944,5987822.0
33945,8981428.0
33946,5991330.0
33949,5762394.0
33950,6581664.0
33951,4249870.0
33952,4800424.0
33953,4089320.0
33954,13147292.0
33955,5706366.0
33956,12268226.0
33959,5049836.0
33960,5251312.0
33961,7463110.0
33964,6639568.0
33966,5047351.0
33968,7976882.0
33970,4185609.0
33971,5088636.0
33974,3653936.0
33975,7562146.0
33976,12591710.0
33977,5678214.0
33978,9818992.0
33980,16536986.0
33982,3944773.0
33984,4258252.0
33985,5953018.0
33986,7197750.0
33987,5122062.0
33988,2789281.0
33989,6480261.0
33991,4811939.0
33993,12079172.0
33994,8169832.0
33996,7577750.0
33997,5504093.0
33999,5528951.0
34000,4775514.0
34001,8502152.0
34002,7369663.0
34003,4391792.0
34006,19218338.0
34008,5885285.0
34009,6317652.0
34013,5462962.0
34014,8948290.0
34017,11289134.0
34020,7117888.0
34021,6075500.0
34022,6225140.0
34023,5826350.0
34026,9582450.0
34027,6622022.0
34028,6673548.0
34029,3313098.0
34032,9097192.0
34036,8656230.0
34037,4404239.0
34040,9139878.0
34042,9317760.0
34045,8469718.0
34046,5458637.0
34048,7258070.0
34054,8007020.0
34055,4363750.0
34056,3280224.0
34057,5446776.0
34059,6230636.0
34061,6106138.0
34063,7299980.0
34065,5779294.0
34067,5879480.0
34068,11843092.0
34071,3368050.0
34073,5421707.0
34074,12712052.0
34075,5649868.0
34076,6204942.0
34078,11373206.0
34080,5806972.0
34081,5674863.0
34083,6487654.0
34085,5679650.0
34086,7175896.0
34087,4990944.0
34088,5046276.0
34089,4405708.0
34090,5881876.0
34091,6923097.0
34092,5360122.0
34094,4492767.0
34096,7644524.0
34097,8430200.0
34099,8221696.0
34100,5267798.0
34102,6352904.0
34103,6540603.0
34105,4751200.0
34106,6091141.0
34109,10418782.0
34111,4675318.0
34113,6080026.0
34114,6213154.0
34117,6895966.0
34119,8076944.0
34124,6281710.0
34125,3743638.0
34126,10567330.0
34128,7709882.0
34131,18222882.0
34133,12908976.0
34134,5745688.0
34136,7388480.0
34137,5303906.0
34138,5746650.0
34139,6951608.0
34140,6365488.0
34142,6229916.0
34144,10433696.0
34145,4326776.0
34146,10821452.0
34147,6982090.0
34149,4575182.0
34150,12789042.0
34151,5498482.0
34152,10595156.0
34154,6734582.0
34157,7894577.0
34158,5567406.0
34160,6942632.0
34162,9014386.0
34163,6832868.0
34165,6386388.0
34172,6440846.0
34173,8495462.0
34176,5285316.0
34177,5821726.0
34178,7039512.0
34179,5982880.0
34180,8574782.0
34184,5820436.0
34185,7248200.0
34186,11392550.0
34187,5547408.0
34189,7689921.0
34190,6234042.0
34191,12194228.0
34192,6373036.0
34193,4846456.0
34194,5906410.0
34196,3922436.0
34198,6593784.0
34199,6503627.0
34200,8164641.0
34201,5098437.0
34202,10768754.0
34203,7968070.0
34204,7424270.0
34205,7460830.0
34207,3515419.0
34208,8127391.0
34210,11565206.0
34211,7434900.0
34212,5205904.0
34213,12395656.0
34214,8041212.0
34215,4332166.0
34217,5488814.0
34220,4679370.0
34222,5709858.0
34224,7620654.0
34226,6881936.0
34227,6540858.0
34228,8663942.0
34229,6052252.0
34231,6546969.0
34232,4516015.0
34233,14878928.0
34235,4428872.0
34236,5804824.0
34237,16740736.0
34238,10626160.0
34239,5451489.0
34240,4957790.0
34241,3585086.0
34242,5137479.0
34245,5999096.0
34246,6463487.0
34247,13064260.0
34248,5109098.0
34249,4470170.0
34250,6009998.0
34251,7107156.0
34255,5288242.0
34256,11363608.0
34258,6041150.0
34261,7224458.0
34263,5239264.0
34264,5291450.0
34265,8151107.0
34266,3382958.0
34267,8356382.0
34268,10128278.0
34269,6402588.0
34270,11766100.0
34271,5175634.0
34272,12065560.0
34273,5336526.0
34274,7469894.0
34275,6384984.0
34276,9228350.0
34279,10986162.0
34280,4716636.0
34281,3252844.0
34283,11078006.0
34284,9895888.0
34285,4763752.0
34286,5813810.0
34287,6629753.0
34288,5861554.0
34289,10365642.0
34290,6573773.0
34291,8059025.0
34294,11295336.0
34295,7991187.0
34296,5843502.0
34298,7652466.0
34299,6031880.0
34300,6503984.0
34301,6086952.0
34303,7133308.0
34305,11903002.0
34306,5967411.0
34307,8887626.0
34308,10630126.0
34309,5346786.0
34310,6252403.0
34312,3783215.0
34313,8090671.0
34314,7030360.0
34315,14636554.0
34316,6159080.0
34317,7177910.0
34318,5782448.0
34320,7425274.0
34323,5800162.0
34324,8537492.0
34326,7067330.0
34327,7335777.0
34330,6525960.0
34332,8057792.0
34333,4989600.0
34334,4882679.0
34336,5381460.0
34337,3468544.0
34338,7462676.0
34339,15769918.0
34340,9063712.0
34341,6210112.0
34342,7705612.0
34343,4367291.0
34344,11348530.0
34345,11658772.0
34347,5624418.0
34348,5700938.0
34352,7458648.0
34355,6867764.0
34356,7924860.0
34358,6809052.0
34360,10275878.0
34364,5330533.0
34366,6460769.0
34367,8824102.0
34368,4413534.0
34369,6193752.0
34370,5609522.0
34371,6369839.0
34373,11748468.0
34374,14206078.0
34375,5351854.0
34376,9113960.0
34380,7855291.0
34383,5963462.0
34384,8637072.0
34386,8463414.0
34387,5160349.0
34388,8187788.0
34389,6050001.0
34391,5403150.0
34392,5458628.0
34393,5613071.0
34395,5817069.0
34396,13561300.0
34399,11811464.0
34400,9722702.0
34401,4919562.0
34402,4817294.0
34403,6101532.0
34404,7559542.0
34405,12333018.0
34409,7065878.0
34410,10641276.0
34411,6348460.0
34412,5885664.0
34414,13099998.0
34417,5776326.0
34418,3545806.0
34419,7268610.0
34422,5679956.0
34423,4788049.0
34424,7201313.0
34425,4965844.0
34426,3612068.0
34427,5866020.0
34428,6811868.0
34429,7434586.0
34430,7416372.0
34431,5010298.0
34434,5848606.0
34435,5617526.0
34436,6725580.0
34439,6277930.0
34440,5911395.0
34441,8104961.0
34442,5500714.0
34443,4668681.0
34444,5330504.0
34445,6488643.0
34446,6781944.0
34449,10780534.0
34450,5539723.0
34451,5586115.0
34452,6973740.0
34454,6789472.0
34455,6084626.0
34456,6098038.0
34457,11129364.0
34460,6486456.0
34461,5982846.0
34462,5791545.0
34463,4698274.0
34464,7018412.0
34465,15405390.0
34467,7663759.0
34468,11003222.0
34469,6372144.0
34470,5171398.0
34472,5693889.0
34474,11775494.0
34475,5897070.0
34478,13514102.0
34480,7119055.0
34481,9119438.0
34482,9321418.0
34483,7484030.0
34484,8261457.0
34485,4431176.0
34486,10402536.0
34488,6118498.0
34489,5694584.0
34490,7752435.0
34491,7716938.0
34494,8072916.0
34495,4877562.0
34496,5940082.0
34497,5071882.0
34498,6916554.0
34499,9914912.0
34501,14577054.0
34502,4528312.0
34504,9060062.0
34505,5711129.0
34508,13630208.0
34509,5692886.0
34510,26265964.0
34511,8423118.0
34512,10776302.0
34513,5713664.0
34514,4661835.0
34515,4370470.0
34516,3091650.0
34517,7380497.0
34518,4880482.0
34521,39428372.0
34522,6979980.0
34523,5915892.0
34524,8235414.0
34525,5409744.0
34526,5635408.0
34527,7365674.0
34530,8466954.0
34533,5683837.0
34536,7536778.0
34538,5598206.0
34539,8327746.0
34540,6555425.0
34541,9766234.0
34543,6620502.0
34544,5419382.0
34546,32496120.0
34548,10337346.0
34549,5530346.0
34550,3868433.0
34551,6479094.0
34552,7538386.0
34553,28553014.0
34554,4431024.0
34555,10639808.0
34556,7695325.0
34557,10920694.0
34558,4827538.0
34559,7673883.0
34560,11557522.0
34561,5786442.0
34562,10848938.0
34563,4348452.0
34564,14769914.0
34565,4774250.0
34566,12024846.0
34567,5466993.0
34568,6260282.0
34569,9809344.0
34572,11024250.0
34573,12179286.0
34575,6071136.0
34578,5286710.0
34579,4285165.0
34581,5380577.0
34582,5568022.0
34585,6063245.0
34587,10861978.0
34588,4448039.0
34590,8298806.0
34591,10570002.0
34592,5225738.0
34594,8122104.0
34597,10506372.0
34598,6163681.0
34599,4643424.0
34600,8072109.0
34601,5494902.0
34602,6957415.0
34606,4730600.0
34607,5770428.0
34608,10177784.0
34609,20667908.0
34610,7586675.0
34611,6816066.0
34613,10321828.0
34615,6213976.0
34617,11698626.0
34618,11845272.0
34620,4430744.0
34621,4752377.0
34622,5261494.0
34623,5601124.0
34624,5716252.0
34627,5378596.0
34628,4243248.0
34631,6715614.0
34632,20308470.0
34633,5469030.0
34634,5823400.0
34635,5536209.0
34636,7117866.0
34637,5634572.0
34638,5991859.0
34639,5730516.0
34641,5039310.0
34642,8598790.0
34643,5359299.0
34644,6016262.0
34645,5219976.0
34647,5219438.0
34648,7951815.0
34650,7639649.0
34651,10239788.0
34652,6235070.0
34653,6822638.0
34659,4602442.0
34660,4873326.0
34661,7425828.0
34663,13053372.0
34668,4619664.0
34669,6594074.0
34670,15111560.0
34671,4629350.0
34673,8467854.0
34674,6175448.0
34675,7937362.0
34677,11694106.0
34678,5956172.0
34679,8857014.0
34680,11903816.0
34682,5178014.0
34683,5455781.0
34684,3549082.0
34686,5724386.0
34687,6277008.0
34688,14693500.0
34689,5777722.0
34690,11587022.0
34691,13266516.0
34692,16785564.0
34693,4943704.0
34694,8073710.0
34695,6160776.0
34696,6112238.0
34698,6259872.0
34700,8606376.0
34701,13177732.0
34702,9294896.0
34705,5671616.0
34706,5763809.0
34707,5422155.0
34708,5389447.0
34709,15152686.0
34714,5959905.0
34715,4428342.0
34716,15528742.0
34717,5501235.0
34718,5950227.0
34719,5958342.0
34720,8133657.0
34721,6379735.0
34722,4979010.0
34724,6692184.0
34725,7120582.0
34726,5106529.0
34727,5907116.0
34734,16771942.0
34735,5019123.0
34737,11366150.0
34738,7314918.0
34739,6378966.0
34740,8177056.0
34742,7635730.0
34744,3522432.0
34745,7491518.0
34748,7941130.0
34749,7158801.0
34750,5176776.0
34751,5108320.0
34754,9779494.0
34755,4630348.0
34756,4498943.0
34757,5056962.0
34758,3982941.0
34759,7033668.0
34762,5539724.0
34763,8295998.0
34765,8431856.0
34768,5318714.0
34770,6166780.0
34772,7925608.0
34773,5495256.0
34778,6629736.0
34779,6890944.0
34780,7551025.0
34781,19935964.0
34785,9124122.0
34788,5544812.0
34789,8322360.0
34790,5333362.0
34791,5903447.0
34793,3773213.0
34794,23691268.0
34795,5961112.0
34796,5566306.0
34797,8709364.0
34798,6497515.0
34799,6974812.0
34801,6064620.0
34806,8245020.0
34808,5780774.0
34810,8631382.0
34813,4323066.0
34814,4259362.0
34815,10353646.0
34816,8337542.0
34817,8242125.0
34818,7213448.0
34819,8732340.0
34821,3340292.0
34822,5461662.0
34823,6021123.0
34824,15918814.0
34827,4486396.0
34829,10125736.0
34830,5987250.0
34831,4004572.0
34833,5560587.0
34834,7633932.0
34835,4431296.0
34838,10251110.0
34839,5470713.0
34840,12630752.0
34841,10913306.0
34842,6183620.0
34843,6308428.0
34844,5661900.0
34845,6174544.0
34846,11100992.0
34847,5810650.0
34849,4864311.0
34850,4508592.0
34851,3261561.0
34852,7868860.0
34856,7317396.0
34857,8711234.0
34858,14778458.0
34859,11882770.0
34861,6631127.0
34862,6477758.0
34863,11725690.0
34864,7566972.0
34866,5269716.0
34867,7195178.0
34869,7700364.0
34870,7756878.0
34871,5531232.0
34872,5706727.0
34873,6244250.0
34874,7554694.0
34877,6026891.0
34878,6328669.0
34879,6675320.0
34880,6078308.0
34881,7154244.0
34882,8334664.0
34884,6115408.0
34885,8139360.0
34886,8187618.0
34887,5249306.0
34888,6301914.0
34890,6700330.0
34892,6706672.0
34894,5546976.0
34895,3985356.0
34896,23172020.0
34898,7281684.0
34899,7391068.0
34900,4588106.0
34901,5879904.0
34902,8435550.0
34903,7046657.0
34904,7134555.0
34905,4819544.0
34906,11294586.0
34907,8010672.0
34909,3358726.0
34910,6839914.0
34912,8418814.0
34913,4570855.0
34914,11666484.0
34915,6841716.0
34916,3556930.0
34918,13341416.0
34919,4350138.0
34920,4529845.0
34921,6087526.0
34922,7687364.0
34923,5508450.0
34924,6787376.0
34925,11886470.0
34927,11651052.0
34929,8834368.0
34930,4896294.0
34931,8345982.0
34932,5820326.0
34933,4737130.0
34934,7652842.0
34935,5831878.0
34936,6763134.0
34937,10260708.0
34938,7405512.0
34939,7767933.0
34941,14549924.0
34942,8490740.0
34943,5256431.0
34945,7999968.0
34946,7017038.0
34947,4397811.0
34948,3544278.0
34949,5126677.0
34951,7819858.0
34953,19032360.0
34955,7210422.0
34956,8944372.0
34957,6229738.0
34959,5198854.0
34960,9807802.0
34961,5613465.0
34963,6390790.0
34964,10018054.0
34965,6243185.0
34966,5100946.0
34967,6034385.0
34968,6227002.0
34969,8432974.0
34973,6388470.0
34974,10974594.0
34975,14504900.0
34976,9214248.0
34977,6205372.0
34978,4713040.0
34979,7957574.0
34982,6598770.0
34983,5176828.0
34984,5797696.0
34986,5068100.0
34988,15141776.0
34989,5516066.0
34991,5270698.0
34994,12219924.0
34995,6713134.0
34996,8414980.0
34998,6146172.0
34999,4347478.0
35001,5885458.0
35002,6274130.0
35004,7172042.0
35005,5447081.0
35006,6241264.0
35007,8788056.0
35008,5022658.0
35009,5565097.0
35012,19628252.0
35013,11284684.0
35014,6092520.0
35015,10303068.0
35016,8361081.0
35017,3858296.0
35018,9379688.0
35019,11411720.0
35020,8439064.0
35021,5829808.0
35022,5284632.0
35023,4375364.0
35024,10256346.0
35027,8149274.0
35028,5884284.0
35029,4807984.0
35032,4549000.0
35033,6293686.0
35034,9778366.0
35037,5613042.0
35039,13014552.0
35040,5943706.0
35041,6304148.0
35042,9055072.0
35043,14404042.0
35045,6692569.0
35046,6257008.0
35047,5538544.0
35048,5661540.0
35049,5573360.0
35050,5912008.0
35051,8135558.0
35052,5945511.0
35053,10046490.0
35055,5607846.0
35057,7861942.0
35058,5158999.0
35060,12244038.0
35062,7674890.0
35063,4031306.0
35064,6679628.0
35065,6659728.0
35066,6210474.0
35067,5933634.0
35069,3443196.0
35074,7749514.0
35075,5716992.0
35076,7764067.0
35077,6766985.0
35078,6944067.0
35080,10993312.0
35081,5871505.0
35082,12971776.0
35083,5612844.0
35084,14954446.0
35085,6029038.0
35086,8760898.0
35087,8637934.0
35088,6069768.0
35089,5451186.0
35090,3526022.0
35093,8339318.0
35094,6057084.0
35095,6439270.0
35096,6838825.0
35097,4582104.0
35098,11905498.0
35100,6199700.0
35101,5467178.0
35102,4053422.0
35103,28152668.0
35104,5428589.0
35109,5201800.0
35110,7268641.0
35113,5445168.0
35114,5960804.0
35115,4948465.0
35116,4756062.0
35119,7338550.0
35120,5492628.0
35123,7166686.0
35124,7613672.0
35125,5279511.0
35126,5948500.0
35128,4746868.0
35129,8551080.0
35130,11058240.0
35131,14856562.0
35132,4995301.0
35135,5795396.0
35136,5666926.0
35137,5337526.0
35138,5621527.0
35140,5278457.0
35141,5057717.0
35143,7588134.0
35144,4952032.0
35145,8048042.0
35147,4623794.0
35149,10201674.0
35150,9517446.0
35151,6323552.0
35152,10428256.0
35153,4886646.0
35155,6028156.0
35156,4836686.0
35158,10699802.0
35159,10631874.0
35161,7717308.0
35162,5474364.0
35163,4438998.0
35166,6572536.0
35169,8704392.0
35170,7389835.0
35172,8392968.0
35173,10795652.0
35175,7825068.0
35176,9223178.0
35178,12472412.0
35179,4785258.0
35181,4337146.0
35182,12660318.0
35183,11280194.0
35184,16488480.0
35186,14766196.0
35187,5880290.0
35189,7469515.0
35190,6865393.0
35191,11594750.0
35193,7188112.0
35194,3718266.0
35195,12637788.0
35196,5520354.0
35197,7077902.0
35198,5193514.0
35199,5407698.0
35200,7914788.0
35201,7017798.0
35202,6550334.0
35203,5269338.0
35205,6178556.0
35209,5781572.0
35211,10213984.0
35212,5549134.0
35215,6406890.0
35217,7763958.0
35219,7892348.0
35221,9089866.0
35222,6564275.0
35223,8662026.0
35224,4117279.0
35227,6709360.0
35228,6815965.0
35229,5638872.0
35230,6580054.0
35231,7067614.0
35233,7013808.0
35234,5825438.0
35236,5862476.0
35237,7958606.0
35238,6123615.0
35240,3624564.0
35242,15320958.0
35243,5194135.0
35245,5901107.0
35246,12174546.0
35247,4571462.0
35248,10962196.0
35250,7992890.0
35254,4982737.0
35255,5324216.0
35256,4225995.0
35258,3660871.0
35259,11256432.0
35263,5683108.0
35264,10235900.0
35265,8746818.0
35266,8164920.0
35267,5501968.0
35268,4591115.0
35269,4653008.0
35271,4075990.0
35272,6829495.0
35274,3043158.0
35275,5262472.0
35277,5456923.0
35279,7457809.0
35283,9657552.0
35284,3718266.0
35286,4877817.0
35287,7485952.0
35288,7274012.0
35289,10694194.0
35292,7427202.0
35293,6571688.0
35295,5778070.0
35296,5973290.0
35298,6900992.0
35299,8480602.0
35301,10645530.0
35302,7876995.0
35304,3626879.0
35305,10288406.0
35306,4618641.0
35307,5976282.0
35309,6911698.0
35312,6171974.0
35314,6129766.0
35315,7935479.0
35317,6076036.0
35318,3408064.0
35321,3470141.0
35322,8252450.0
35324,4723872.0
35326,2939009.0
35328,14766946.0
35331,9982020.0
35334,14482718.0
35336,10801780.0
35337,7225282.0
35338,10106160.0
35340,6330748.0
35341,5931668.0
35342,9166946.0
35343,10853980.0
35344,8470328.0
35345,5808726.0
35346,3403657.0
35348,6018686.0
35350,4994428.0
35351,8521058.0
35352,4266382.0
35354,7702194.0
35355,13245148.0
35356,22364310.0
35357,5814812.0
35359,12509760.0
35360,5490662.0
35361,5809996.0
35363,6008338.0
35364,6700404.0
35365,8648342.0
35368,14576024.0
35369,6320893.0
35370,5715884.0
35371,7260223.0
35373,5863734.0
35374,5987446.0
35375,6013386.0
35377,3280152.0
35378,10823754.0
35379,5811710.0
35381,5844382.0
35385,7652638.0
35386,5652982.0
35387,8963184.0
35389,6790046.0
35390,7299295.0
35391,6086592.0
35392,8876270.0
35393,7428642.0
35394,15666242.0
35395,7125731.0
35396,6752137.0
35398,3534599.0
35399,3541428.0
35400,6641482.0
35401,6362135.0
35402,9501122.0
35403,8097510.0
35404,6968266.0
35406,5815276.0
35407,10457126.0
35408,9690764.0
35411,9839272.0
35413,13333774.0
35414,8455444.0
35416,9947910.0
35417,9255392.0
35418,4727707.0
35419,6640816.0
35420,8617556.0
35422,7197718.0
35423,3580533.0
35425,4747620.0
35426,6220640.0
35427,5907226.0
35428,5734431.0
35430,6559368.0
35431,7537114.0
35432,8354010.0
35433,8515000.0
35436,12315204.0
35437,10625878.0
35439,5945024.0
35440,4868096.0
35444,7066441.0
35445,12177564.0
35446,4437556.0
35447,8513786.0
35448,7451098.0
35449,4869674.0
35450,4956582.0
35453,5026637.0
35454,5068759.0
35455,24692992.0
35456,7531618.0
35458,6315852.0
35459,7054317.0
35460,6203837.0
35461,8831250.0
35462,8527180.0
35463,10783248.0
35464,26127560.0
35465,5976388.0
35468,3836577.0
35469,3747324.0
35470,5025312.0
35471,7791812.0
35472,3268512.0
35473,5880244.0
35474,9189782.0
35475,7762744.0
35476,10724816.0
35477,3577092.0
35480,6155683.0
35483,6541464.0
35486,8116188.0
35487,8370540.0
35488,8526098.0
35489,6337096.0
35490,11034726.0
35492,5525220.0
35493,15152322.0
35494,15025732.0
35495,15081674.0
35497,5972666.0
35498,5690300.0
35499,10209716.0
35501,22333394.0
35502,4718840.0
35503,3995243.0
35504,5371638.0
35505,11057366.0
35506,6226324.0
35509,11028896.0
35511,3586433.0
35512,6973162.0
35513,16393628.0
35514,8550540.0
35515,5421900.0
35516,5693312.0
35517,15116132.0
35518,4255672.0
35520,6334367.0
35521,9034260.0
35523,10429502.0
35525,9808550.0
35526,7712800.0
35527,5790398.0
35528,4460634.0
35530,5283175.0
35532,6075263.0
35534,7956215.0
35535,9168474.0
35536,9158842.0
35539,7124204.0
35540,6076996.0
35542,5383094.0
35543,5249834.0
35544,8056260.0
35545,6217160.0
35546,9082800.0
35547,5010295.0
35548,11522112.0
35549,5303562.0
35551,6539104.0
35553,7129814.0
35554,7615923.0
35555,8660416.0
35556,6484296.0
35557,8235322.0
35558,8112045.0
35559,8947512.0
35561,8830340.0
35562,11304946.0
35563,6582070.0
35564,5356832.0
35567,6083734.0
35568,6914377.0
35569,10044924.0
35570,5555708.0
35571,9137970.0
35572,6672137.0
35573,8034032.0
35576,5468722.0
35577,6858977.0
35579,4989218.0
35580,4901306.0
35581,5618714.0
35582,7717834.0
35583,8438222.0
35585,7588641.0
35586,6805958.0
35588,5623512.0
35589,5590852.0
35590,10408072.0
35592,9520472.0
35593,5175427.0
35594,6190927.0
35595,6890664.0
35596,8207032.0
35597,19363432.0
35598,7015848.0
35599,8440224.0
35600,4288198.0
35601,8245275.0
35602,6241679.0
35603,4800033.0
35604,9089996.0
35605,5838688.0
35606,5844641.0
35607,7029497.0
35611,4770943.0
35612,13159670.0
35614,4599664.0
35616,5973290.0
35618,6038430.0
35620,5517092.0
35621,11258072.0
35622,8026895.0
35624,5656139.0
35625,3893021.0
35627,3942380.0
35628,6967872.0
35630,6216488.0
35631,4438124.0
35632,7511466.0
35633,5434438.0
35634,5785424.0
35635,5782632.0
35636,5500200.0
35638,7687404.0
35641,10814878.0
35642,12217306.0
35643,9348602.0
35644,7281616.0
35646,7890498.0
35651,5845020.0
35652,5491217.0
35653,5076195.0
35656,2980979.0
35657,7418708.0
35660,5752528.0
35661,8319778.0
35664,9390396.0
35665,8641230.0
35666,6275863.0
35667,5754776.0
35668,5504725.0
35670,6214562.0
35673,5973638.0
35674,5811570.0
35676,5790870.0
35677,6179104.0
35680,22111934.0
35681,8714820.0
35682,6577282.0
35683,9618556.0
35685,6562890.0
35686,7341616.0
35687,9879530.0
35689,8921630.0
35690,6378538.0
35691,7662334.0
35693,6219172.0
35694,6294816.0
35695,6293894.0
35697,9060728.0
35698,5446588.0
35699,7576854.0
35700,6570488.0
35701,9235464.0
35702,6810280.0
35703,5165271.0
35704,6377568.0
35705,7863560.0
35707,6698032.0
35711,6698943.0
35712,3427871.0
35713,11291700.0
35714,6159478.0
35716,8187403.0
35717,9581346.0
35718,8054345.0
35719,5442019.0
35721,8302216.0
35722,5738282.0
35724,4252446.0
35726,5797714.0
35727,9436956.0
35728,8491838.0
35730,6473846.0
35731,13105168.0
35732,10700182.0
35733,5793693.0
35734,3676161.0
35735,12885970.0
35736,5192267.0
35737,5270517.0
35738,5496557.0
35739,5439288.0
35740,7881138.0
35741,8297912.0
35743,10455772.0
35744,5521750.0
35745,4276788.0
35748,4240113.0
35750,3880526.0
35752,4585110.0
35753,8244688.0
35754,4624455.0
35755,4368333.0
35756,7913390.0
35757,3330151.0
35759,8476524.0
35760,4481636.0
35762,8455814.0
35763,23780288.0
35764,8630282.0
35765,7404250.0
35766,3391578.0
35767,7339376.0
35769,5150862.0
35770,4337830.0
35772,6208658.0
35774,3961853.0
35777,6400914.0
35778,12587896.0
35779,7554630.0
35780,9659022.0
35782,7621965.0
35784,7495520.0
35785,14140980.0
35786,7588934.0
35787,3671734.0
35788,8883216.0
35789,5844022.0
35790,4393693.0
35791,5624686.0
35794,11526228.0
35795,4784336.0
35796,5313666.0
35797,8234620.0
35800,8388536.0
35801,3173900.0
35804,5157510.0
35806,5997456.0
35807,6650496.0
35808,6143818.0
35809,6659094.0
35810,5643046.0
35812,10010878.0
35815,7441801.0
35817,4752290.0
35818,6270898.0
35819,7732990.0
35820,6501930.0
35821,5231886.0
35822,6225468.0
35823,6148582.0
35824,10900842.0
35825,5226067.0
35826,9170062.0
35827,7341786.0
35830,4355969.0
35831,7132110.0
35832,8434070.0
35833,6184205.0
35835,5693531.0
35836,10472228.0
35837,6994593.0
35838,6673658.0
35840,4532410.0
35842,19557960.0
35844,6585620.0
35845,11319834.0
35846,11843396.0
35847,7920616.0
35848,5129022.0
35850,7078401.0
35851,7590875.0
35852,5895797.0
35854,8620308.0
35855,5168449.0
35859,5989560.0
35860,8316281.0
35861,5237486.0
35862,11625334.0
35864,6029217.0
35865,8062796.0
35866,7545859.0
35867,5490888.0
35868,6467205.0
35870,9415954.0
35872,8563494.0
35873,11932992.0
35874,7156681.0
35875,5731026.0
35877,5233706.0
35878,6544661.0
35879,4637584.0
35881,5642636.0
35882,13607706.0
35883,6071404.0
35885,8546912.0
35887,4698282.0
35888,10497456.0
35890,8088650.0
35891,5135796.0
35892,5957492.0
35894,9701374.0
35895,4305905.0
35897,6895024.0
35898,5088732.0
35899,8852064.0
35903,4364350.0
35904,5449439.0
35905,5015320.0
35906,14923738.0
35908,11406312.0
35909,8232409.0
35911,7188859.0
35913,8896232.0
35914,6602837.0
35915,6466080.0
35916,5401362.0
35917,5558342.0
35918,11476272.0
35919,4871546.0
35920,5077742.0
35921,5408118.0
35925,24527726.0
35926,7692295.0
35929,5218798.0
35930,6245952.0
35931,5595246.0
35933,5706407.0
35935,9594366.0
35936,13741860.0
35937,8175140.0
35938,5498686.0
35939,5265918.0
35940,7542258.0
35941,8370952.0
35943,4889287.0
35945,5574556.0
35946,5872474.0
35947,12303848.0
35949,7994170.0
35950,5973032.0
35952,6512782.0
35956,4865340.0
35957,7266818.0
35959,6345749.0
35960,8075063.0
35961,4243700.0
35964,4106301.0
35965,5677962.0
35966,4836905.0
35967,10850242.0
35968,8481864.0
35969,6491326.0
35970,10687486.0
35971,6504251.0
35972,6176725.0
35973,9859332.0
35974,7240552.0
35977,4997815.0
35980,7462973.0
35981,5566453.0
35983,13744204.0
35984,8905642.0
35986,4629112.0
35988,18651602.0
35989,10180672.0
35990,6116734.0
35991,14522536.0
35993,5624032.0
35995,8409790.0
35996,6080392.0
35997,6002924.0
35998,5985746.0
35999,10664562.0
36000,6567565.0
36001,8655892.0
36002,9863140.0
36003,11345342.0
36005,5642250.0
36006,8268976.0
36008,2953504.0
36009,8037216.0
36010,10691070.0
36011,18875286.0
36013,5729028.0
36020,8673374.0
36021,12725838.0
36022,7255466.0
36025,9615610.0
36027,5981410.0
36028,6760413.0
36029,6289977.0
36030,6732436.0
36031,6867400.0
36034,7445546.0
36035,5807138.0
36036,6157202.0
36038,6707899.0
36041,5808222.0
36044,8159979.0
36045,4496611.0
36047,7621895.0
36049,6899274.0
36050,11216462.0
36051,7168858.0
36052,6150322.0
36053,8364616.0
36056,10158232.0
36058,5902740.0
36059,5328764.0
36061,5807518.0
36063,6167647.0
36066,6375208.0
36067,10140054.0
36068,4296046.0
36069,4116082.0
36070,13452026.0
36071,7973776.0
36072,6076670.0
36073,11860854.0
36074,6197346.0
36075,8157433.0
36076,5951478.0
36077,8104216.0
36081,4801913.0
36082,4699435.0
36083,5626553.0
36084,5149868.0
36085,5387056.0
36086,6320916.0
36092,11772844.0
36093,7130800.0
36095,5065346.0
36096,8820512.0
36097,7003240.0
36098,6303556.0
36102,14407580.0
36103,8001040.0
36105,9805598.0
36106,7173056.0
36108,7227114.0
36109,6426156.0
36110,5763526.0
36111,4998524.0
36113,9521782.0
36114,7710264.0
36115,6120722.0
36116,5086832.0
36117,5663455.0
36118,5853346.0
36119,7289002.0
36120,7863218.0
36122,3473742.0
36123,6828466.0
36124,11079762.0
36126,7150955.0
36127,5208103.0
36128,5630292.0
36129,6326992.0
36131,7004398.0
36132,12802024.0
36133,6529073.0
36135,9017784.0
36136,7789546.0
36137,5206552.0
36138,9646490.0
36139,7524289.0
36140,3912857.0
36141,5524036.0
36142,5530312.0
36143,6644152.0
36145,12429900.0
36147,5928478.0
36150,5015053.0
36151,3099660.0
36152,8195560.0
36153,7475395.0
36154,22859208.0
36156,7954019.0
36157,5026781.0
36158,6302735.0
36159,5530492.0
36160,8687558.0
36161,5195615.0
36163,10945850.0
36165,8647174.0
36166,8767760.0
36167,5695956.0
36168,5952948.0
36169,5279868.0
36170,10128530.0
36171,7689175.0
36172,8000503.0
36177,6397988.0
36178,7378419.0
36179,7574256.0
36181,8083628.0
36182,6519772.0
36183,3222852.0
36184,14981290.0
36185,5714282.0
36187,7772890.0
36188,6608521.0
36189,8486204.0
36194,7442347.0
36195,5010432.0
36196,6622852.0
36198,8547362.0
36199,11233908.0
36200,8008737.0
36201,5664370.0
36204,6967238.0
36205,5432929.0
36206,6852306.0
36207,5506108.0
36208,11529270.0
36209,8249881.0
36211,9332690.0
36215,10909872.0
36216,3837741.0
36217,6065036.0
36218,7607869.0
36219,3738880.0
36220,6011058.0
36221,7014340.0
36222,6382134.0
36223,6017894.0
36225,2668004.0
36226,4246086.0
36227,5882450.0
36229,6241792.0
36230,3879851.0
36231,3999381.0
36232,7893962.0
36233,12432282.0
36234,9992624.0
36235,6267340.0
36236,26364024.0
36238,5931698.0
36239,4920806.0
36240,6929866.0
36241,6161834.0
36242,12950100.0
36243,6210152.0
36244,8411414.0
36246,9875646.0
36247,11679982.0
36248,3731084.0
36249,6847060.0
36250,10121350.0
36251,3638850.0
36252,6008722.0
36254,5418664.0
36256,5610872.0
36257,5314144.0
36258,6932084.0
36259,5628484.0
36261,4318384.0
36262,7102922.0
36263,6676642.0
36264,5620791.0
36265,5427028.0
36267,6647514.0
36268,15783082.0
36269,8702036.0
36270,6411166.0
36274,5500778.0
36275,10416956.0
36277,6078425.0
36278,4892072.0
36279,6306776.0
36280,6827224.0
36281,7096480.0
36282,3276908.0
36285,5794712.0
36286,5210498.0
36287,7749164.0
36288,5301640.0
36289,8090310.0
36290,15583830.0
36291,5855615.0
36293,8230498.0
36294,19266676.0
36295,4864684.0
36296,6809404.0
36297,7553902.0
36298,11455040.0
36299,6419126.0
36300,4410866.0
36301,6273046.0
36302,8070024.0
36303,10259914.0
36304,9630778.0
36305,6410874.0
36306,9824882.0
36307,4815325.0
36308,7134074.0
36309,12009830.0
36311,6153008.0
36312,5840289.0
36315,6443266.0
36316,4213364.0
36317,5357532.0
36319,6820402.0
36320,4439513.0
36322,6256527.0
36323,4984036.0
36324,17385396.0
36325,7455164.0
36327,5942295.0
36328,10148538.0
36329,5113315.0
36330,6936682.0
36331,6785722.0
36332,7507064.0
36333,6757322.0
36334,7636210.0
36335,6789222.0
36338,6214561.0
36339,6086659.0
36340,6393374.0
36342,15362340.0
36343,5478949.0
36344,5978574.0
36345,11142122.0
36346,4340972.0
36347,5898394.0
36349,7860335.0
36350,41611800.0
36351,5152142.0
36352,4638022.0
36354,4488882.0
36355,7619582.0
36356,6500837.0
36357,8861692.0
36359,8327930.0
36360,6008404.0
36362,7605451.0
36363,6317269.0
36364,5243966.0
36365,4617429.0
36366,6286868.0
36369,7763482.0
36370,4823430.0
36371,7655344.0
36372,11052120.0
36373,11746676.0
36374,4675169.0
36375,6255420.0
36376,6278836.0
36377,6113168.0
36380,10315880.0
36381,5820214.0
36382,10083012.0
36383,6873932.0
36384,6258686.0
36386,6197332.0
36387,7461810.0
36388,6653930.0
36389,8854234.0
36390,6719736.0
36391,5076150.0
36392,4014737.0
36393,23431724.0
36395,7900084.0
36397,4365602.0
36398,6017515.0
36399,12107888.0
36400,6630826.0
36401,4692642.0
36402,12400188.0
36403,5980320.0
36405,6450452.0
36406,10881706.0
36407,6993043.0
36408,7619574.0
36409,6331596.0
36410,8208568.0
36413,6038435.0
36414,5905304.0
36415,5878912.0
36416,6321802.0
36417,8199018.0
36418,4662142.0
36420,5421244.0
36425,4264242.0
36428,13084288.0
36429,6133675.0
36430,8832356.0
36431,4196232.0
36432,8556866.0
36434,5978572.0
36435,6921872.0
36436,3628503.0
36437,8099028.0
36438,27541504.0
36440,5926856.0
36441,6423170.0
36442,11833552.0
36443,8635254.0
36444,5629056.0
36445,11881078.0
36446,7261926.0
36448,12423884.0
36450,6141582.0
36451,11434712.0
36452,4105968.0
36453,8268181.0
36454,3257741.0
36455,4513456.0
36456,5285799.0
36457,6568150.0
36458,27975598.0
36459,10017466.0
36460,12950968.0
36461,4097536.0
36463,5210584.0
36464,9805504.0
36465,7655748.0
36466,6136410.0
36468,5910600.0
36469,7457626.0
36470,9913128.0
36472,7731145.0
36473,5513976.0
36475,4815187.0
36476,4509212.0
36477,6301632.0
36478,8059894.0
36479,4764476.0
36480,7475789.0
36482,6005627.0
36483,6406750.0
36484,8011768.0
36485,15334630.0
36486,7215768.0
36488,6184106.0
36490,7440273.0
36492,6535451.0
36493,5266035.0
36494,8999384.0
36495,5051148.0
36496,5628982.0
36497,5597030.0
36498,8224500.0
36499,9467962.0
36500,4874812.0
36501,7097778.0
36502,7339502.0
36503,6283014.0
36504,5796354.0
36505,7472762.0
36506,11678550.0
36507,12590226.0
36509,7255378.0
36510,12442050.0
36511,4495760.0
36513,15056180.0
36514,7484481.0
36515,12029442.0
36517,5433548.0
36519,5893924.0
36521,5477376.0
36523,7151532.0
36525,5510162.0
36527,7026454.0
36528,5160830.0
36529,5391048.0
36530,22883342.0
36531,6130148.0
36532,6068889.0
36533,7115832.0
36534,8359601.0
36536,4834868.0
36537,4557694.0
36538,12224080.0
36539,7130160.0
36540,5878615.0
36541,5714152.0
36542,5229304.0
36544,6312122.0
36545,5942506.0
36546,4900892.0
36547,10502142.0
36548,9567666.0
36549,5124858.0
36550,6309726.0
36551,5811976.0
36553,5934640.0
36554,11059782.0
36555,4648544.0
36557,6072594.0
36559,4757976.0
36560,8137736.0
36561,4551286.0
36563,8134320.0
36564,6804678.0
36565,7864637.0
36567,6257846.0
36568,12264610.0
36569,5574170.0
36570,6092676.0
36571,14468330.0
36572,5331924.0
36573,5320956.0
36574,4071406.0
36575,9117540.0
36576,6463457.0
36580,9018436.0
36582,4593336.0
36583,6095036.0
36584,5995787.0
36586,6812306.0
36587,11846356.0
36588,12125790.0
36589,7084972.0
36590,6487306.0
36591,5210252.0
36592,6278678.0
36595,7396164.0
36596,5486682.0
36597,3585890.0
36598,4098240.0
36600,5367654.0
36601,4953328.0
36604,11392634.0
36605,11747894.0
36606,6768446.0
36607,6657876.0
36609,11411958.0
36610,6095586.0
36611,7337384.0
36612,7070270.0
36613,8745804.0
36615,13912216.0
36616,5626066.0
36617,6191890.0
36618,4818016.0
36619,7850886.0
36620,4380343.0
36621,5763338.0
36622,14152468.0
36625,13101864.0
36626,6598914.0
36627,5664566.0
36628,6257504.0
36629,8329215.0
36630,4419886.0
36631,4859692.0
36633,6925028.0
36634,15127804.0
36635,13499222.0
36636,12403238.0
36637,12724894.0
36638,4746142.0
36641,7980178.0
36642,8351148.0
36643,5351871.0
36644,7477960.0
36645,9046008.0
36647,7941309.0
36648,9585864.0
36650,3624877.0
36651,7588118.0
36652,8751206.0
36653,6048063.0
36655,8314409.0
36657,6240216.0
36658,3476157.0
36659,4390712.0
36660,6270672.0
36661,7554756.0
36662,6463530.0
36663,12747108.0
36664,6366344.0
36665,5155878.0
36667,4961970.0
36670,6390867.0
36671,11199628.0
36673,5841769.0
36674,12404390.0
36676,9994770.0
36677,15971392.0
36678,5671897.0
36679,8010108.0
36680,7240904.0
36681,5369150.0
36683,6055197.0
36685,7362505.0
36686,8206192.0
36688,7480342.0
36689,7820411.0
36690,3925766.0
36692,11965488.0
36694,7158148.0
36695,7206297.0
36697,8261527.0
36698,9441072.0
36699,6380226.0
36701,5996456.0
36702,6388605.0
36703,6776987.0
36704,5773794.0
36708,7691745.0
36709,7258512.0
36712,5577414.0
36713,5836629.0
36714,6010112.0
36715,8649198.0
36716,7433038.0
36717,8413872.0
36718,4554650.0
36719,15280516.0
36720,7655970.0
36722,6718473.0
36723,3927387.0
36724,14584392.0
36725,6762508.0
36726,5870640.0
36727,11303806.0
36730,6447522.0
36731,5686442.0
36733,8123474.0
36734,10085784.0
36735,8501298.0
36736,7063472.0
36737,6901902.0
36738,9471508.0
36739,5509247.0
36740,4546298.0
36742,13617764.0
36743,6320465.0
36744,8245672.0
36745,4391022.0
36746,7306324.0
36747,11448332.0
36749,7448258.0
36750,13095528.0
36751,6025756.0
36752,8212790.0
36753,5763004.0
36754,9082952.0
36756,6768818.0
36757,10873368.0
36758,5930907.0
36760,5679828.0
36761,9821660.0
36762,8048168.0
36763,2228791.0
36765,6632112.0
36766,14217716.0
36768,11784304.0
36769,5559468.0
36770,27499004.0
36771,5462298.0
36774,3826075.0
36775,8126708.0
36776,12391786.0
36777,7203004.0
36778,10579500.0
36779,5910695.0
36781,5169816.0
36782,7086248.0
36783,4644752.0
36784,5634854.0
36786,6336508.0
36787,5818604.0
36789,6459676.0
36790,6560891.0
36791,6022030.0
36793,4603087.0
36795,7566633.0
36796,8388648.0
36797,9620206.0
36800,10549528.0
36801,6340728.0
36802,5937130.0
36803,10881910.0
36804,5648528.0
36805,5168900.0
36806,7106952.0
36807,8032331.0
36809,18265634.0
36810,5407572.0
36813,5296226.0
36814,10859276.0
36815,18088894.0
36816,6411422.0
36817,4052911.0
36818,6789982.0
36819,6164108.0
36820,5300458.0
36821,5612288.0
36822,11470754.0
36823,6580788.0
36825,15337082.0
36827,6342982.0
36828,8397448.0
36829,5293564.0
36830,7934740.0
36831,11360504.0
36833,8567080.0
36834,5966018.0
36836,4246886.0
36839,12652686.0
36840,4782546.0
36841,10019076.0
36843,6537506.0
36844,5881622.0
36845,8031922.0
36846,9148076.0
36847,5614790.0
36848,7918054.0
36849,6884291.0
36850,6529824.0
36851,5922939.0
36852,5635867.0
36853,6120174.0
36854,11912198.0
36855,7248526.0
36857,7179758.0
36858,5089788.0
36862,7350182.0
36864,12999882.0
36865,5373857.0
36866,9223946.0
36867,5965316.0
36869,3234258.0
36870,6405079.0
36873,12763370.0
36875,5918086.0
36877,7874396.0
36878,15108472.0
36879,7744506.0
36880,3352628.0
36881,13395004.0
36883,4550263.0
36884,7723104.0
36886,7382902.0
36887,9461288.0
36888,6345310.0
36889,5141925.0
36891,5738887.0
36892,5663712.0
36893,4984284.0
36894,4005748.0
36895,11051194.0
36896,6275943.0
36898,10374038.0
36899,10753500.0
36900,5739829.0
36902,5635967.0
36904,6470617.0
36905,5160920.0
36906,4923737.0
36907,7365098.0
36908,10332550.0
36910,5581730.0
36911,6770825.0
36912,11796778.0
36913,9535712.0
36914,6762790.0
36915,5679236.0
36916,25341518.0
36917,6013352.0
36918,8466598.0
36919,5434144.0
36920,5350720.0
36921,6029794.0
36922,4587930.0
36923,8149498.0
36924,6484056.0
36926,6080218.0
36928,3703084.0
36929,4692566.0
36930,7859576.0
36931,7280782.0
36932,8872340.0
36933,9298168.0
36935,10410048.0
36936,5016706.0
36937,9451432.0
36938,7167749.0
36939,6327731.0
36940,7476240.0
36941,3970923.0
36942,6256386.0
36943,4264096.0
36944,6738314.0
36946,7029618.0
36949,14672272.0
36950,5447684.0
36951,15793420.0
36952,10006608.0
36953,19080834.0
36954,3370544.0
36955,4696654.0
36956,6964240.0
36957,5998916.0
36958,6379122.0
36959,10806956.0
36960,8936996.0
36961,5583959.0
36963,5705174.0
36964,14511844.0
36965,6095446.0
36966,6310636.0
36967,6631384.0
36969,6406946.0
36970,6408664.0
36972,5088468.0
36973,8289364.0
36975,5902462.0
36976,15166020.0
36977,5232070.0
36978,6991070.0
36979,3058836.0
36980,6483314.0
36982,5564620.0
36983,6094916.0
36984,4703228.0
36985,6047776.0
36986,4824176.0
36987,8276983.0
36988,8164670.0
36990,7275968.0
36991,7385337.0
36993,4391524.0
36994,6372588.0
36995,6873948.0
36997,8316466.0
36998,13698444.0
36999,5668814.0
37000,7741911.0
37001,8029520.0
37002,5632306.0
37003,7992954.0
37004,11398918.0
37005,5234176.0
37007,6550398.0
37009,6351265.0
37010,6198450.0
37011,6968346.0
37012,5547499.0
37013,7521654.0
37014,9237034.0
37015,7978066.0
37016,10844222.0
37018,6514634.0
37019,5128084.0
37022,5449550.0
37024,10886026.0
37026,5891100.0
37027,5674814.0
37029,11560196.0
37030,7941473.0
37031,5932512.0
37033,50511676.0
37034,13699058.0
37035,14900576.0
37037,8524304.0
37038,4044600.0
37039,6332686.0
37040,9182518.0
37041,7315266.0
37042,3894184.0
37043,6499464.0
37044,10376418.0
37045,5367397.0
37046,5721740.0
37047,10408412.0
37048,5664008.0
37049,4315254.0
37050,6636073.0
37052,5847826.0
37053,10394166.0
37054,9628064.0
37055,4956112.0
37056,4231528.0
37057,5100446.0
37058,5225756.0
37059,9412416.0
37060,5919573.0
37061,4486036.0
37062,6918488.0
37063,11266878.0
37064,14437956.0
37065,7626247.0
37066,5319216.0
37068,11229596.0
37069,6356755.0
37070,5739566.0
37071,10872326.0
37072,6906685.0
37073,5878082.0
37074,7585919.0
37075,5195154.0
37076,34212320.0
37077,5294112.0
37078,6425370.0
37086,5364670.0
37088,7646694.0
37089,11296232.0
37091,8540298.0
37092,6809412.0
37093,4686028.0
37094,7476952.0
37095,5733908.0
37096,3404667.0
37097,7748800.0
37099,6367654.0
37100,7060496.0
37101,7403704.0
37102,5139769.0
37103,5507822.0
37105,8735088.0
37106,5959124.0
37107,5889634.0
37109,7342259.0
37110,6917538.0
37111,5256738.0
37112,7652916.0
37113,4549740.0
37114,7230890.0
37115,12150244.0
37119,14711164.0
37120,5174460.0
37121,7042582.0
37122,7719399.0
37124,5527296.0
37126,9269346.0
37127,5586062.0
37128,9799236.0
37129,6411514.0
37130,3261608.0
37132,6490734.0
37133,5214274.0
37135,3902770.0
37137,6740265.0
37138,5418914.0
37139,5428577.0
37141,6694468.0
37142,5380357.0
37143,16687972.0
37144,11743128.0
37146,6245088.0
37147,5026354.0
37148,8149632.0
37149,6372640.0
37150,10448806.0
37151,12268812.0
37153,6269390.0
37154,8300878.0
37155,11428486.0
37156,11193970.0
37157,9417920.0
37158,3972876.0
37159,5618602.0
37161,7673907.0
37162,6606896.0
37164,8468792.0
37165,8682842.0
37166,4630192.0
37167,5439084.0
37168,5996707.0
37169,10171274.0
37170,6358536.0
37171,8048658.0
37172,6262106.0
37173,4228105.0
37174,7555789.0
37175,13237728.0
37176,6076868.0
37178,8226053.0
37179,4764356.0
37180,4884356.0
37181,6785694.0
37182,6415492.0
37183,6396286.0
37184,6974614.0
37185,5009569.0
37186,7007984.0
37188,4738501.0
37189,5140152.0
37190,6413130.0
37191,6777486.0
37192,10552472.0
37194,4450094.0
37195,7710006.0
37197,5619631.0
37200,4930094.0
37201,8273605.0
37203,6917528.0
37204,6057955.0
37205,6505969.0
37206,10400452.0
37207,6084112.0
37208,8322460.0
37209,4360247.0
37210,9273244.0
37212,9765308.0
37213,10033240.0
37214,10009740.0
37217,10179568.0
37218,5509672.0
37219,7564818.0
37220,8156775.0
37222,12017424.0
37226,11812962.0
37227,17664024.0
37228,5603226.0
37229,3482982.0
37230,4930808.0
37231,6625140.0
37233,4505308.0
37234,5028366.0
37235,15858232.0
37237,7671746.0
37238,5990452.0
37239,8195485.0
37240,6656106.0
37241,5626351.0
37242,8251686.0
37244,5674247.0
37246,4496540.0
37247,8546614.0
37248,8363644.0
37251,6222816.0
37252,5270281.0
37254,6323653.0
37255,7781311.0
37256,7749822.0
37258,6421694.0
37259,11404394.0
37261,4669140.0
37262,6683256.0
37263,6966780.0
37264,6653690.0
37265,5466425.0
37266,14861870.0
37267,5249127.0
37268,6786205.0
37269,5749120.0
37270,5733780.0
37274,5071418.0
37275,8760628.0
37276,9194022.0
37277,6537432.0
37278,6251158.0
37279,8166474.0
37280,6704730.0
37281,4145575.0
37282,9159196.0
37283,4346276.0
37284,6583246.0
37285,3557172.0
37287,11255596.0
37288,5951519.0
37290,4451066.0
37291,4575686.0
37292,10043430.0
37293,3666594.0
37294,11207956.0
37295,5944454.0
37298,6081380.0
37299,5708446.0
37300,7566598.0
37301,4001460.0
37302,7750786.0
37303,9374916.0
37304,4381452.0
37305,5881794.0
37306,3174435.0
37307,6107504.0
37308,7284825.0
37309,6880452.0
37310,6261755.0
37311,7033120.0
37312,4137509.0
37313,7374422.0
37314,11454268.0
37315,6865474.0
37316,6850822.0
37317,5682546.0
37318,5145355.0
37320,8107566.0
37321,7079464.0
37322,8587298.0
37323,12536204.0
37324,5503036.0
37326,5736553.0
37327,8966006.0
37328,5262750.0
37329,5207963.0
37330,6099823.0
37331,4263148.0
37332,14099424.0
37333,5629014.0
37335,6008961.0
37336,8553390.0
37339,6079252.0
37340,8046228.0
37341,4500500.0
37342,5849646.0
37343,4913375.0
37344,11138352.0
37345,6043984.0
37347,8227494.0
37348,5034342.0
37349,8214926.0
37350,12387396.0
37351,6103594.0
37352,3808196.0
37353,5517320.0
37354,5932446.0
37355,8154635.0
37357,5388732.0
37359,4678358.0
37360,6093178.0
37361,5768684.0
37362,11900838.0
37363,6162330.0
37365,4571089.0
37366,7790169.0
37367,8320778.0
37368,7128792.0
37369,6277732.0
37370,13033606.0
37371,3962658.0
37372,7000526.0
37373,11130498.0
37374,5096172.0
37375,4264544.0
37377,6346908.0
37378,4516594.0
37379,8906626.0
37380,8015946.0
37381,5980398.0
37382,9598482.0
37383,6454963.0
37385,7216664.0
37386,11799568.0
37387,5739324.0
37388,7174070.0
37389,5390692.0
37390,6958258.0
37391,7365326.0
37392,8955166.0
37394,5597074.0
37396,5887554.0
37397,3227891.0
37398,5994192.0
37400,5218726.0
37402,9917190.0
37403,7423870.0
37404,6438256.0
37405,5548094.0
37406,5090732.0
37407,4107474.0
37408,4525570.0
37409,11714948.0
37410,6501690.0
37413,5284752.0
37414,4587666.0
37419,5486708.0
37420,8455602.0
37421,10620060.0
37422,7121380.0
37423,7493940.0
37426,5368483.0
37428,8472030.0
37429,12805662.0
37431,3607353.0
37432,6919924.0
37433,9580024.0
37435,5400244.0
37436,7241356.0
37438,5126709.0
37439,10307864.0
37440,7405346.0
37443,4265680.0
37444,5294584.0
37447,6737812.0
37448,12614698.0
37449,7953138.0
37450,11381050.0
37451,13086764.0
37452,6459123.0
37453,9266778.0
37454,3677947.0
37455,7875172.0
37456,7479995.0
37459,13189298.0
37460,15232082.0
37461,5502468.0
37462,6329816.0
37464,12063960.0
37465,6889129.0
37466,5384251.0
37467,10867514.0
37469,9070990.0
37470,5237422.0
37471,7157254.0
37473,5568379.0
37474,6517778.0
37475,14186984.0
37476,7635820.0
37477,5071264.0
37478,3750430.0
37481,13813382.0
37482,6252421.0
37483,8690442.0
37484,22347584.0
37485,5296273.0
37487,4979124.0
37488,6513044.0
37489,8135516.0
37490,19150660.0
37491,5421268.0
37492,5473487.0
37494,5938929.0
37495,11767170.0
37497,7469685.0
37498,4900963.0
37499,8155491.0
37500,3745116.0
37501,4115508.0
37502,5042022.0
37503,8264962.0
37505,3323681.0
37506,6989392.0
37507,9219236.0
37509,12238228.0
37511,5892442.0
37514,8022282.0
37515,5690050.0
37517,4644635.0
37518,6636531.0
37519,4732894.0
37521,8074650.0
37522,9688712.0
37523,3627490.0
37524,3631900.0
37525,7179552.0
37526,14173638.0
37527,5468454.0
37531,8418378.0
37532,15260824.0
37533,8174310.0
37534,6459186.0
37535,6797550.0
37536,14378116.0
37537,12805820.0
37538,5524284.0
37539,16032886.0
37541,4663763.0
37542,7902125.0
37543,7825028.0
37544,10566406.0
37545,5570591.0
37546,6671571.0
37547,5982950.0
37548,5620849.0
37550,5823876.0
37551,4490980.0
37552,7940060.0
37555,11681202.0
37557,6410146.0
37558,5232330.0
37560,4179982.0
37562,6980869.0
37563,8194132.0
37565,9345830.0
37566,22586058.0
37567,17836210.0
37568,4729186.0
37569,10571590.0
37571,11770524.0
37572,6418595.0
37573,4955840.0
37574,12893896.0
37575,5878883.0
37576,11735302.0
37580,6667533.0
37582,9262192.0
37583,8711912.0
37584,6757730.0
37585,6500729.0
37586,9412750.0
37589,7818064.0
37590,6044100.0
37591,13510290.0
37592,5669172.0
37594,6191974.0
37595,7166108.0
37596,8735296.0
37597,5889002.0
37598,4790130.0
37599,15078100.0
37600,5729037.0
37601,5673793.0
37602,8226194.0
37603,11733178.0
37604,16274568.0
37605,11237860.0
37607,6855034.0
37608,10136064.0
37609,6144489.0
37610,4314184.0
37611,6296612.0
37612,7957348.0
37613,5675706.0
37616,5137845.0
37617,6542990.0
37618,13851854.0
37619,4848368.0
37620,8000688.0
37623,7247078.0
37624,5084242.0
37626,9734120.0
37628,6120146.0
37629,9404562.0
37630,4744398.0
37631,7725715.0
37633,3946558.0
37634,8357004.0
37636,11221478.0
37637,6399060.0
37640,3807217.0
37641,10774664.0
37645,10919964.0
37646,7982255.0
37647,8904274.0
37648,9551768.0
37649,10691668.0
37650,7540915.0
37651,6563997.0
37652,6584144.0
37653,6092404.0
37654,7176711.0
37657,6848250.0
37658,6976222.0
37659,5896206.0
37660,5464428.0
37662,4306398.0
37663,8221393.0
37664,6080134.0
37665,20258016.0
37666,6372878.0
37667,7459536.0
37668,4533806.0
37671,8565940.0
37672,7823474.0
37673,5729856.0
37674,4957832.0
37675,6500538.0
37676,5372527.0
37677,4418028.0
37678,7070002.0
37679,7804256.0
37680,8014813.0
37683,3457506.0
37684,10490150.0
37685,6129764.0
37686,13781424.0
37687,6532025.0
37688,5399952.0
37690,5570574.0
37692,6309066.0
37693,6632597.0
37694,8460810.0
37696,4478538.0
37697,11276116.0
37698,5812286.0
37699,8851972.0
37701,6239465.0
37702,5691144.0
37703,5928593.0
37704,10525486.0
37705,6534200.0
37706,4199256.0
37707,8147052.0
37708,5246382.0
37709,7321730.0
37710,12174252.0
37711,9084236.0
37712,7494912.0
37714,6089464.0
37715,6939802.0
37716,7697482.0
37717,10725686.0
37721,8205130.0
37722,5182350.0
37724,10986452.0
37725,4396294.0
37727,11223360.0
37728,6922820.0
37729,19558182.0
37730,15924622.0
37731,6031256.0
37732,6056392.0
37733,15893952.0
37734,7135076.0
37735,4258751.0
37736,6107600.0
37737,4371898.0
37738,6574938.0
37741,9581496.0
37742,5795581.0
37743,5935880.0
37744,8173590.0
37745,5817138.0
37746,12074972.0
37749,6118365.0
37750,4917488.0
37752,7013992.0
37753,24750718.0
37754,6150206.0
37755,4022395.0
37756,7833724.0
37757,8514492.0
37758,4889437.0
37759,8749850.0
37761,3704428.0
37762,6531446.0
37763,13093044.0
37764,14034160.0
37766,8256674.0
37770,6222775.0
37771,8646958.0
37773,8093180.0
37774,8870022.0
37776,8355870.0
37778,7894448.0
37779,5478340.0
37780,6058439.0
37782,8446448.0
37783,5170284.0
37784,11838974.0
37785,6339932.0
37786,6724172.0
37787,5698479.0
37788,3796896.0
37789,10751332.0
37793,8022704.0
37796,5504568.0
37797,6136058.0
37798,8621424.0
37802,5424010.0
37803,8462010.0
37804,9909724.0
37805,7892898.0
37810,6481185.0
37811,7647554.0
37812,5736844.0
37814,10797936.0
37815,15564650.0
37816,5421378.0
37817,6191875.0
37818,9923340.0
37820,4391244.0
37821,2917727.0
37822,7415064.0
37823,15040322.0
37825,17726048.0
37826,5076702.0
37827,10991082.0
37828,5838648.0
37829,20009484.0
37830,4478613.0
37831,7469565.0
37832,6198302.0
37833,4307080.0
37834,6533992.0
37837,8072606.0
37839,8178700.0
37840,6913740.0
37842,7759350.0
37843,5696906.0
37844,5263205.0
37845,7506962.0
37846,6142030.0
37848,6130112.0
37849,5973268.0
37850,9702526.0
37852,8057010.0
37853,6894549.0
37854,5866410.0
37855,4777022.0
37856,8924388.0
37858,7115274.0
37860,5778110.0
37861,6499167.0
37862,6822766.0
37863,8607698.0
37866,8782010.0
37867,4120436.0
37868,8840918.0
37869,17978720.0
37870,5519519.0
37872,8035857.0
37873,5465884.0
37874,13630578.0
37876,12295030.0
37877,5423806.0
37878,5211231.0
37880,4799675.0
37881,13842276.0
37882,4712705.0
37883,8096766.0
37884,6479692.0
37885,5235186.0
37886,4974418.0
37892,12480246.0
37893,9854778.0
37894,3993688.0
37896,8242766.0
37897,5822544.0
37898,12248254.0
37899,7652588.0
37901,6130306.0
37902,6163796.0
37903,6255519.0
37904,5185802.0
37905,6108628.0
37906,7978731.0
37907,11619920.0
37909,6263462.0
37912,7916288.0
37914,8815908.0
37915,7711893.0
37916,14089666.0
37917,9667820.0
37918,7494488.0
37919,6792818.0
37922,4666046.0
37927,6080162.0
37928,19929750.0
37931,5095228.0
37933,6959461.0
37935,6583812.0
37936,5324867.0
37937,5966056.0
37938,5843844.0
37940,12920876.0
37941,38025624.0
37943,5966391.0
37944,7390676.0
37945,6557970.0
37946,5638225.0
37947,6894160.0
37948,21426352.0
37949,6176587.0
37951,6049796.0
37952,5501232.0
37953,2707593.0
37956,7383865.0
37957,4400489.0
37958,8188070.0
37961,5107994.0
37962,2891246.0
37963,14590110.0
37964,7902868.0
37965,6733376.0
37967,5626406.0
37968,6083032.0
37969,4599848.0
37971,12633062.0
37973,6197718.0
37974,9715830.0
37977,5275768.0
37979,2584278.0
37980,13548654.0
37981,4521732.0
37982,3776024.0
37983,5860025.0
37984,4637142.0
37985,4186525.0
37986,7176371.0
37990,7243080.0
37992,7504949.0
37994,3495190.0
37996,5130481.0
37997,5434861.0
38001,5291677.0
38002,4029900.0
38005,7665310.0
38006,3102118.0
38008,3883132.0
38011,8318420.0
38012,7558144.0
38013,5273128.0
38014,5449995.0
38015,4080454.0
38016,6712553.0
38018,6801836.0
38019,11038508.0
38021,11353802.0
38023,7779169.0
38024,8907068.0
38025,8823062.0
38026,6319231.0
38028,7751585.0
38029,9575112.0
38031,9791186.0
38032,5241234.0
38033,5517992.0
38034,7386729.0
38036,5897422.0
38037,5655431.0
38039,4741328.0
38042,7696586.0
38044,10122624.0
38045,6390867.0
38046,6210840.0
38047,5335724.0
38049,7443260.0
38051,5697264.0
38052,12000186.0
38053,9510872.0
38054,9141666.0
38055,7492114.0
38056,8611432.0
38065,6514384.0
38066,6028541.0
38068,16621840.0
38069,5006410.0
38071,5480358.0
38072,10043344.0
38073,6851306.0
38074,5280766.0
38075,9271776.0
38076,5086582.0
38077,5728732.0
38079,4432048.0
38081,19756002.0
38082,4779420.0
38083,6726120.0
38087,9603394.0
38089,5111930.0
38091,11533540.0
38094,6997370.0
38097,10828418.0
38101,7044620.0
38103,14185480.0
38105,6486440.0
38106,5640166.0
38108,10631176.0
38110,4728904.0
38113,6519884.0
38117,5957534.0
38118,7026300.0
38121,4285942.0
38125,7369929.0
38131,8244142.0
38134,4996334.0
38135,8058082.0
